year,pick,player_name,profile_url
2008,1,Derrick Rose,https://www.basketball-reference.com/players/r/rosede01.html
2008,2,Michael Beasley,https://www.basketball-reference.com/players/b/beaslmi01.html
2008,3,O.J. Mayo,https://www.basketball-reference.com/players/m/mayooj01.html
2008,4,Russell Westbrook,https://www.basketball-reference.com/players/w/westbru01.html
2008,5,Kevin Love,https://www.basketball-reference.com/players/l/loveke01.html
2008,6,Danilo Gallinari,https://www.basketball-reference.com/players/g/gallida01.html
2008,7,Eric Gordon,https://www.basketball-reference.com/players/g/gordoer01.html
2008,8,Joe Alexander,https://www.basketball-reference.com/players/a/alexajo01.html
2008,9,D.J. Augustin,https://www.basketball-reference.com/players/a/augusdj01.html
2008,10,Brook Lopez,https://www.basketball-reference.com/players/l/lopezbr01.html
2008,11,Jerryd Bayless,https://www.basketball-reference.com/players/b/bayleje01.html
2008,12,Jason Thompson,https://www.basketball-reference.com/players/t/thompja02.html
2008,13,Brandon Rush,https://www.basketball-reference.com/players/r/rushbr01.html
2008,14,Anthony Randolph,https://www.basketball-reference.com/players/r/randoan01.html
2008,15,Robin Lopez,https://www.basketball-reference.com/players/l/lopezro01.html
2008,16,Marreese Speights,https://www.basketball-reference.com/players/s/speigma01.html
2008,17,Roy Hibbert,https://www.basketball-reference.com/players/h/hibbero01.html
2008,18,JaVale McGee,https://www.basketball-reference.com/players/m/mcgeeja01.html
2008,19,J.J. Hickson,https://www.basketball-reference.com/players/h/hicksjj01.html
2008,20,Alexis Ajinça,https://www.basketball-reference.com/players/a/ajincal01.html
2008,21,Ryan Anderson,https://www.basketball-reference.com/players/a/anderry01.html
2008,22,Courtney Lee,https://www.basketball-reference.com/players/l/leeco01.html
2008,23,Kosta Koufos,https://www.basketball-reference.com/players/k/koufoko01.html
2008,24,Serge Ibaka,https://www.basketball-reference.com/players/i/ibakase01.html
2008,25,Nicolas Batum,https://www.basketball-reference.com/players/b/batumni01.html
2008,26,George Hill,https://www.basketball-reference.com/players/h/hillge01.html
2008,27,Darrell Arthur,https://www.basketball-reference.com/players/a/arthuda01.html
2008,28,Donté Greene,https://www.basketball-reference.com/players/g/greendo01.html
2008,29,D.J. White,https://www.basketball-reference.com/players/w/whitedj01.html
2008,30,J.R. Giddens,https://www.basketball-reference.com/players/g/giddejr01.html
2008,31,Nikola Peković,https://www.basketball-reference.com/players/p/pekovni01.html
2008,32,Walter Sharpe,https://www.basketball-reference.com/players/s/sharpwa01.html
2008,33,Joey Dorsey,https://www.basketball-reference.com/players/d/dorsejo01.html
2008,34,Mario Chalmers,https://www.basketball-reference.com/players/c/chalmma01.html
2008,35,DeAndre Jordan,https://www.basketball-reference.com/players/j/jordade01.html
2008,36,Ömer Aşık,https://www.basketball-reference.com/players/a/asikom01.html
2008,37,Luc Mbah a Moute,https://www.basketball-reference.com/players/m/mbahalu01.html
2008,38,Kyle Weaver,https://www.basketball-reference.com/players/w/weaveky01.html
2008,39,Sonny Weems,https://www.basketball-reference.com/players/w/weemsso01.html
2008,40,Chris Douglas-Roberts,https://www.basketball-reference.com/players/d/douglch01.html
2008,41,Nathan Jawai,https://www.basketball-reference.com/players/j/jawaina01.html
2008,42,Sean Singletary,https://www.basketball-reference.com/players/s/singlse01.html
2008,43,Patrick Ewing,https://www.basketball-reference.com/players/e/ewingpa02.html
2008,44,Ante Tomić,https://www.basketball-reference.com/players/t/tomican01.html
2008,45,Goran Dragić,https://www.basketball-reference.com/players/d/dragigo01.html
2008,46,Trent Plaisted,https://www.basketball-reference.com/players/p/plaistr01.html
2008,47,Henry Walker,https://www.basketball-reference.com/players/w/walkebi01.html
2008,48,Malik Hairston,https://www.basketball-reference.com/players/h/hairsma01.html
2008,49,Richard Hendrix,https://www.basketball-reference.com/players/h/hendrri02.html
2008,50,DeVon Hardin,https://www.basketball-reference.com/players/h/hardide01.html
2008,51,Shan Foster,https://www.basketball-reference.com/players/f/fostesh01.html
2008,52,Darnell Jackson,https://www.basketball-reference.com/players/j/jacksda01.html
2008,53,Tadija Dragićević,https://www.basketball-reference.com/players/d/dragita01.html
2008,54,Maarty Leunen,https://www.basketball-reference.com/players/l/leunema01.html
2008,55,Mike Taylor,https://www.basketball-reference.com/players/t/taylomi01.html
2008,56,Sasha Kaun,https://www.basketball-reference.com/players/k/kaunsa01.html
2008,57,James Gist,https://www.basketball-reference.com/players/g/gistja01.html
2008,58,Joe Crawford,https://www.basketball-reference.com/players/c/crawfjo01.html
2008,59,Deron Washington,https://www.basketball-reference.com/players/w/washide02.html
2008,60,Semih Erden,https://www.basketball-reference.com/players/e/erdense01.html
2009,1,Blake Griffin,https://www.basketball-reference.com/players/g/griffbl01.html
2009,2,Hasheem Thabeet,https://www.basketball-reference.com/players/t/thabeha01.html
2009,3,James Harden,https://www.basketball-reference.com/players/h/hardeja01.html
2009,4,Tyreke Evans,https://www.basketball-reference.com/players/e/evansty01.html
2009,5,Ricky Rubio,https://www.basketball-reference.com/players/r/rubiori01.html
2009,6,Jonny Flynn,https://www.basketball-reference.com/players/f/flynnjo01.html
2009,7,Stephen Curry,https://www.basketball-reference.com/players/c/curryst01.html
2009,8,Jordan Hill,https://www.basketball-reference.com/players/h/hilljo01.html
2009,9,DeMar DeRozan,https://www.basketball-reference.com/players/d/derozde01.html
2009,10,Brandon Jennings,https://www.basketball-reference.com/players/j/jennibr01.html
2009,11,Terrence Williams,https://www.basketball-reference.com/players/w/willite01.html
2009,12,Gerald Henderson,https://www.basketball-reference.com/players/h/hendege02.html
2009,13,Tyler Hansbrough,https://www.basketball-reference.com/players/h/hansbty01.html
2009,14,Earl Clark,https://www.basketball-reference.com/players/c/clarkea01.html
2009,15,Austin Daye,https://www.basketball-reference.com/players/d/dayeau01.html
2009,16,James Johnson,https://www.basketball-reference.com/players/j/johnsja01.html
2009,17,Jrue Holiday,https://www.basketball-reference.com/players/h/holidjr01.html
2009,18,Ty Lawson,https://www.basketball-reference.com/players/l/lawsoty01.html
2009,19,Jeff Teague,https://www.basketball-reference.com/players/t/teaguje01.html
2009,20,Eric Maynor,https://www.basketball-reference.com/players/m/maynoer01.html
2009,21,Darren Collison,https://www.basketball-reference.com/players/c/collida01.html
2009,22,Victor Claver,https://www.basketball-reference.com/players/c/clavevi01.html
2009,23,Omri Casspi,https://www.basketball-reference.com/players/c/casspom01.html
2009,24,Byron Mullens,https://www.basketball-reference.com/players/m/mulleby01.html
2009,25,Rodrigue Beaubois,https://www.basketball-reference.com/players/b/beaubro01.html
2009,26,Taj Gibson,https://www.basketball-reference.com/players/g/gibsota01.html
2009,27,DeMarre Carroll,https://www.basketball-reference.com/players/c/carrode01.html
2009,28,Wayne Ellington,https://www.basketball-reference.com/players/e/ellinwa01.html
2009,29,Toney Douglas,https://www.basketball-reference.com/players/d/douglto01.html
2009,30,Christian Eyenga,https://www.basketball-reference.com/players/e/eyengch01.html
2009,31,Jeff Ayres,https://www.basketball-reference.com/players/p/pendeje02.html
2009,32,Jermaine Taylor,https://www.basketball-reference.com/players/t/tayloje02.html
2009,33,Dante Cunningham,https://www.basketball-reference.com/players/c/cunnida01.html
2009,34,Sergio Llull,https://www.basketball-reference.com/players/l/llullse01.html
2009,35,DaJuan Summers,https://www.basketball-reference.com/players/s/summeda01.html
2009,36,Sam Young,https://www.basketball-reference.com/players/y/youngsa01.html
2009,37,DeJuan Blair,https://www.basketball-reference.com/players/b/blairde01.html
2009,38,Jon Brockman,https://www.basketball-reference.com/players/b/brockjo01.html
2009,39,Jonas Jerebko,https://www.basketball-reference.com/players/j/jerebjo01.html
2009,40,Derrick Brown,https://www.basketball-reference.com/players/b/brownde04.html
2009,41,Jodie Meeks,https://www.basketball-reference.com/players/m/meeksjo01.html
2009,42,Patrick Beverley,https://www.basketball-reference.com/players/b/beverpa01.html
2009,43,Marcus Thornton,https://www.basketball-reference.com/players/t/thornma01.html
2009,44,Chase Budinger,https://www.basketball-reference.com/players/b/budinch01.html
2009,45,Nick Calathes,https://www.basketball-reference.com/players/c/calatni01.html
2009,46,Danny Green,https://www.basketball-reference.com/players/g/greenda02.html
2009,47,Henk Norel,https://www.basketball-reference.com/players/n/norelhe01.html
2009,48,Taylor Griffin,https://www.basketball-reference.com/players/g/griffta01.html
2009,49,Sergiy Gladyr,https://www.basketball-reference.com/players/g/gladyse01.html
2009,50,Goran Suton,https://www.basketball-reference.com/players/s/sutongo01.html
2009,51,Jack McClinton,https://www.basketball-reference.com/players/m/mcclija01.html
2009,52,A.J. Price,https://www.basketball-reference.com/players/p/priceaj01.html
2009,53,Nando De Colo,https://www.basketball-reference.com/players/d/decolna01.html
2009,54,Robert Vaden,https://www.basketball-reference.com/players/v/vadenro01.html
2009,55,Patty Mills,https://www.basketball-reference.com/players/m/millspa02.html
2009,56,Ahmad Nivins,https://www.basketball-reference.com/players/n/nivinah01.html
2009,57,Emir Preldžić,https://www.basketball-reference.com/players/p/preldem01.html
2009,58,Lester Hudson,https://www.basketball-reference.com/players/h/hudsole01.html
2009,59,Chinemelu Elonu,https://www.basketball-reference.com/players/e/elonuch01.html
2009,60,Robert Dozier,https://www.basketball-reference.com/players/d/doziero01.html
2010,1,John Wall,https://www.basketball-reference.com/players/w/walljo01.html
2010,2,Evan Turner,https://www.basketball-reference.com/players/t/turneev01.html
2010,3,Derrick Favors,https://www.basketball-reference.com/players/f/favorde01.html
2010,4,Wesley Johnson,https://www.basketball-reference.com/players/j/johnswe01.html
2010,5,DeMarcus Cousins,https://www.basketball-reference.com/players/c/couside01.html
2010,6,Ekpe Udoh,https://www.basketball-reference.com/players/u/udohek01.html
2010,7,Greg Monroe,https://www.basketball-reference.com/players/m/monrogr01.html
2010,8,Al-Farouq Aminu,https://www.basketball-reference.com/players/a/aminual01.html
2010,9,Gordon Hayward,https://www.basketball-reference.com/players/h/haywago01.html
2010,10,Paul George,https://www.basketball-reference.com/players/g/georgpa01.html
2010,11,Cole Aldrich,https://www.basketball-reference.com/players/a/aldrico01.html
2010,12,Xavier Henry,https://www.basketball-reference.com/players/h/henryxa01.html
2010,13,Ed Davis,https://www.basketball-reference.com/players/d/davised01.html
2010,14,Patrick Patterson,https://www.basketball-reference.com/players/p/pattepa01.html
2010,15,Larry Sanders,https://www.basketball-reference.com/players/s/sandela01.html
2010,16,Luke Babbitt,https://www.basketball-reference.com/players/b/babbilu01.html
2010,17,Kevin Séraphin,https://www.basketball-reference.com/players/s/serapke01.html
2010,18,Eric Bledsoe,https://www.basketball-reference.com/players/b/bledser01.html
2010,19,Avery Bradley,https://www.basketball-reference.com/players/b/bradlav01.html
2010,20,James Anderson,https://www.basketball-reference.com/players/a/anderja01.html
2010,21,Craig Brackins,https://www.basketball-reference.com/players/b/brackcr01.html
2010,22,Elliot Williams,https://www.basketball-reference.com/players/w/williel01.html
2010,23,Trevor Booker,https://www.basketball-reference.com/players/b/booketr01.html
2010,24,Damion James,https://www.basketball-reference.com/players/j/jamesda01.html
2010,25,Dominique Jones,https://www.basketball-reference.com/players/j/jonesdo02.html
2010,26,Quincy Pondexter,https://www.basketball-reference.com/players/p/pondequ01.html
2010,27,Jordan Crawford,https://www.basketball-reference.com/players/c/crawfjo02.html
2010,28,Greivis Vásquez,https://www.basketball-reference.com/players/v/vasqugr01.html
2010,29,Daniel Orton,https://www.basketball-reference.com/players/o/ortonda01.html
2010,30,Lazar Hayward,https://www.basketball-reference.com/players/h/haywala01.html
2010,31,Tibor Pleiß,https://www.basketball-reference.com/players/p/pleisti01.html
2010,32,Dexter Pittman,https://www.basketball-reference.com/players/p/pittmde01.html
2010,33,Hassan Whiteside,https://www.basketball-reference.com/players/w/whiteha01.html
2010,34,Armon Johnson,https://www.basketball-reference.com/players/j/johnsar02.html
2010,35,Nemanja Bjelica,https://www.basketball-reference.com/players/b/bjeline01.html
2010,36,Terrico White,https://www.basketball-reference.com/players/w/whitete01.html
2010,37,Darington Hobson,https://www.basketball-reference.com/players/h/hobsoda01.html
2010,38,Andy Rautins,https://www.basketball-reference.com/players/r/rautian01.html
2010,39,Landry Fields,https://www.basketball-reference.com/players/f/fieldla01.html
2010,40,Lance Stephenson,https://www.basketball-reference.com/players/s/stephla01.html
2010,41,Jarvis Varnado,https://www.basketball-reference.com/players/v/varnaja01.html
2010,42,Da'Sean Butler,https://www.basketball-reference.com/players/b/butleda03.html
2010,43,Devin Ebanks,https://www.basketball-reference.com/players/e/ebankde01.html
2010,44,Jerome Jordan,https://www.basketball-reference.com/players/j/jordaje01.html
2010,45,Paulão Prestes,https://www.basketball-reference.com/players/p/prestpa01.html
2010,46,Gani Lawal,https://www.basketball-reference.com/players/l/lawalga01.html
2010,47,Tiny Gallon,https://www.basketball-reference.com/players/g/galloti01.html
2010,48,Latavious Williams,https://www.basketball-reference.com/players/w/willila01.html
2010,49,Ryan Richards,https://www.basketball-reference.com/players/r/richary01.html
2010,50,Solomon Alabi,https://www.basketball-reference.com/players/a/alabiso01.html
2010,51,Magnum Rolle,https://www.basketball-reference.com/players/r/rollema01.html
2010,52,Luke Harangody,https://www.basketball-reference.com/players/h/haranlu01.html
2010,53,Pape Sy,https://www.basketball-reference.com/players/s/sypa01.html
2010,54,Willie Warren,https://www.basketball-reference.com/players/w/warrewi01.html
2010,55,Jeremy Evans,https://www.basketball-reference.com/players/e/evansje01.html
2010,56,Hamady N'Diaye,https://www.basketball-reference.com/players/n/ndiayha01.html
2010,57,Ryan Reid,https://www.basketball-reference.com/players/r/reidry01.html
2010,58,Derrick Caracter,https://www.basketball-reference.com/players/c/caracde01.html
2010,59,Stanley Robinson,https://www.basketball-reference.com/players/r/robinst01.html
2010,60,Dwayne Collins,https://www.basketball-reference.com/players/c/collidw01.html
2011,1,Kyrie Irving,https://www.basketball-reference.com/players/i/irvinky01.html
2011,2,Derrick Williams,https://www.basketball-reference.com/players/w/willide02.html
2011,3,Enes Freedom,https://www.basketball-reference.com/players/k/kanteen01.html
2011,4,Tristan Thompson,https://www.basketball-reference.com/players/t/thomptr01.html
2011,5,Jonas Valančiūnas,https://www.basketball-reference.com/players/v/valanjo01.html
2011,6,Jan Veselý,https://www.basketball-reference.com/players/v/veselja01.html
2011,7,Bismack Biyombo,https://www.basketball-reference.com/players/b/biyombi01.html
2011,8,Brandon Knight,https://www.basketball-reference.com/players/k/knighbr03.html
2011,9,Kemba Walker,https://www.basketball-reference.com/players/w/walkeke02.html
2011,10,Jimmer Fredette,https://www.basketball-reference.com/players/f/fredeji01.html
2011,11,Klay Thompson,https://www.basketball-reference.com/players/t/thompkl01.html
2011,12,Alec Burks,https://www.basketball-reference.com/players/b/burksal01.html
2011,13,Markieff Morris,https://www.basketball-reference.com/players/m/morrima02.html
2011,14,Marcus Morris,https://www.basketball-reference.com/players/m/morrima03.html
2011,15,Kawhi Leonard,https://www.basketball-reference.com/players/l/leonaka01.html
2011,16,Nikola Vučević,https://www.basketball-reference.com/players/v/vucevni01.html
2011,17,Iman Shumpert,https://www.basketball-reference.com/players/s/shumpim01.html
2011,18,Chris Singleton,https://www.basketball-reference.com/players/s/singlch01.html
2011,19,Tobias Harris,https://www.basketball-reference.com/players/h/harrito02.html
2011,20,Donatas Motiejūnas,https://www.basketball-reference.com/players/m/motiedo01.html
2011,21,Nolan Smith,https://www.basketball-reference.com/players/s/smithno01.html
2011,22,Kenneth Faried,https://www.basketball-reference.com/players/f/farieke01.html
2011,23,Nikola Mirotić,https://www.basketball-reference.com/players/m/mirotni01.html
2011,24,Reggie Jackson,https://www.basketball-reference.com/players/j/jacksre01.html
2011,25,MarShon Brooks,https://www.basketball-reference.com/players/b/brookma01.html
2011,26,Jordan Hamilton,https://www.basketball-reference.com/players/h/hamiljo02.html
2011,27,JaJuan Johnson,https://www.basketball-reference.com/players/j/johnsja02.html
2011,28,Norris Cole,https://www.basketball-reference.com/players/c/coleno01.html
2011,29,Cory Joseph,https://www.basketball-reference.com/players/j/josepco01.html
2011,30,Jimmy Butler,https://www.basketball-reference.com/players/b/butleji01.html
2011,31,Bojan Bogdanović,https://www.basketball-reference.com/players/b/bogdabo02.html
2011,32,Justin Harper,https://www.basketball-reference.com/players/h/harpeju01.html
2011,33,Kyle Singler,https://www.basketball-reference.com/players/s/singlky01.html
2011,34,Shelvin Mack,https://www.basketball-reference.com/players/m/macksh01.html
2011,35,Tyler Honeycutt,https://www.basketball-reference.com/players/h/honeyty01.html
2011,36,Jordan Williams,https://www.basketball-reference.com/players/w/willijo03.html
2011,37,Trey Thompkins,https://www.basketball-reference.com/players/t/thomptr02.html
2011,38,Chandler Parsons,https://www.basketball-reference.com/players/p/parsoch01.html
2011,39,Jeremy Tyler,https://www.basketball-reference.com/players/t/tylerje01.html
2011,40,Jon Leuer,https://www.basketball-reference.com/players/l/leuerjo01.html
2011,41,Darius Morris,https://www.basketball-reference.com/players/m/morrida01.html
2011,42,Dāvis Bertāns,https://www.basketball-reference.com/players/b/bertada01.html
2011,43,Malcolm Lee,https://www.basketball-reference.com/players/l/leema01.html
2011,44,Charles Jenkins,https://www.basketball-reference.com/players/j/jenkich01.html
2011,45,Josh Harrellson,https://www.basketball-reference.com/players/h/harrejo01.html
2011,46,Andrew Goudelock,https://www.basketball-reference.com/players/g/goudean01.html
2011,47,Travis Leslie,https://www.basketball-reference.com/players/l/leslitr01.html
2011,48,Keith Benson,https://www.basketball-reference.com/players/b/bensoke02.html
2011,49,Josh Selby,https://www.basketball-reference.com/players/s/selbyjo01.html
2011,50,Lavoy Allen,https://www.basketball-reference.com/players/a/allenla01.html
2011,51,Jon Diebler,https://www.basketball-reference.com/players/d/diebljo01.html
2011,52,Vernon Macklin,https://www.basketball-reference.com/players/m/macklve01.html
2011,53,DeAndre Liggins,https://www.basketball-reference.com/players/l/liggide01.html
2011,54,Milan Mačvan,https://www.basketball-reference.com/players/m/macvami01.html
2011,55,E'Twaun Moore,https://www.basketball-reference.com/players/m/mooreet01.html
2011,56,Chukwudiebere Maduabum,https://www.basketball-reference.com/players/m/maduach01.html
2011,57,Tanguy Ngombo,https://www.basketball-reference.com/players/n/ngombta01.html
2011,58,Ater Majok,https://www.basketball-reference.com/players/m/majokat01.html
2011,59,Ádám Hanga,https://www.basketball-reference.com/players/h/hangaad01.html
2011,60,Isaiah Thomas,https://www.basketball-reference.com/players/t/thomais02.html
2012,1,Anthony Davis,https://www.basketball-reference.com/players/d/davisan02.html
2012,2,Michael Kidd-Gilchrist,https://www.basketball-reference.com/players/k/kiddgmi01.html
2012,3,Bradley Beal,https://www.basketball-reference.com/players/b/bealbr01.html
2012,4,Dion Waiters,https://www.basketball-reference.com/players/w/waitedi01.html
2012,5,Thomas Robinson,https://www.basketball-reference.com/players/r/robinth01.html
2012,6,Damian Lillard,https://www.basketball-reference.com/players/l/lillada01.html
2012,7,Harrison Barnes,https://www.basketball-reference.com/players/b/barneha02.html
2012,8,Terrence Ross,https://www.basketball-reference.com/players/r/rosste01.html
2012,9,Andre Drummond,https://www.basketball-reference.com/players/d/drumman01.html
2012,10,Austin Rivers,https://www.basketball-reference.com/players/r/riverau01.html
2012,11,Meyers Leonard,https://www.basketball-reference.com/players/l/leoname01.html
2012,12,Jeremy Lamb,https://www.basketball-reference.com/players/l/lambje01.html
2012,13,Kendall Marshall,https://www.basketball-reference.com/players/m/marshke01.html
2012,14,John Henson,https://www.basketball-reference.com/players/h/hensojo01.html
2012,15,Maurice Harkless,https://www.basketball-reference.com/players/h/harklma01.html
2012,16,Royce White,https://www.basketball-reference.com/players/w/whitero03.html
2012,17,Tyler Zeller,https://www.basketball-reference.com/players/z/zellety01.html
2012,18,Terrence Jones,https://www.basketball-reference.com/players/j/joneste01.html
2012,19,Andrew Nicholson,https://www.basketball-reference.com/players/n/nichoan01.html
2012,20,Evan Fournier,https://www.basketball-reference.com/players/f/fournev01.html
2012,21,Jared Sullinger,https://www.basketball-reference.com/players/s/sullija01.html
2012,22,Fab Melo,https://www.basketball-reference.com/players/m/melofa01.html
2012,23,John Jenkins,https://www.basketball-reference.com/players/j/jenkijo01.html
2012,24,Jared Cunningham,https://www.basketball-reference.com/players/c/cunnija01.html
2012,25,Tony Wroten,https://www.basketball-reference.com/players/w/wroteto01.html
2012,26,Miles Plumlee,https://www.basketball-reference.com/players/p/plumlmi01.html
2012,27,Arnett Moultrie,https://www.basketball-reference.com/players/m/moultar01.html
2012,28,Perry Jones,https://www.basketball-reference.com/players/j/jonespe01.html
2012,29,Marquis Teague,https://www.basketball-reference.com/players/t/teaguma01.html
2012,30,Festus Ezeli,https://www.basketball-reference.com/players/e/ezelife01.html
2012,31,Jeff Taylor,https://www.basketball-reference.com/players/t/tayloje03.html
2012,32,Tomáš Satoranský,https://www.basketball-reference.com/players/s/satorto01.html
2012,33,Bernard James,https://www.basketball-reference.com/players/j/jamesbe01.html
2012,34,Jae Crowder,https://www.basketball-reference.com/players/c/crowdja01.html
2012,35,Draymond Green,https://www.basketball-reference.com/players/g/greendr01.html
2012,36,Orlando Johnson,https://www.basketball-reference.com/players/j/johnsor01.html
2012,37,Quincy Acy,https://www.basketball-reference.com/players/a/acyqu01.html
2012,38,Quincy Miller,https://www.basketball-reference.com/players/m/millequ01.html
2012,39,Khris Middleton,https://www.basketball-reference.com/players/m/middlkh01.html
2012,40,Will Barton,https://www.basketball-reference.com/players/b/bartowi01.html
2012,41,Tyshawn Taylor,https://www.basketball-reference.com/players/t/tayloty01.html
2012,42,Doron Lamb,https://www.basketball-reference.com/players/l/lambdo01.html
2012,43,Mike Scott,https://www.basketball-reference.com/players/s/scottmi01.html
2012,44,Kim English,https://www.basketball-reference.com/players/e/engliki01.html
2012,45,Justin Hamilton,https://www.basketball-reference.com/players/h/hamilju01.html
2012,46,Darius Miller,https://www.basketball-reference.com/players/m/milleda01.html
2012,47,Kevin Murphy,https://www.basketball-reference.com/players/m/murphke01.html
2012,48,Kostas Papanikolaou,https://www.basketball-reference.com/players/p/papanko01.html
2012,49,Kyle O'Quinn,https://www.basketball-reference.com/players/o/oquinky01.html
2012,50,İzzet Türkyılmaz,https://www.basketball-reference.com/players/t/turkyiz01.html
2012,51,Kris Joseph,https://www.basketball-reference.com/players/j/josepkr01.html
2012,52,Ognjen Kuzmić,https://www.basketball-reference.com/players/k/kuzmiog01.html
2012,53,Furkan Aldemir,https://www.basketball-reference.com/players/a/aldemfu01.html
2012,54,Tornike Shengelia,https://www.basketball-reference.com/players/s/shengto01.html
2012,55,Darius Johnson-Odom,https://www.basketball-reference.com/players/j/johnsda03.html
2012,56,Tomislav Zubčić,https://www.basketball-reference.com/players/z/zubcito01.html
2012,57,İlkan Karaman,https://www.basketball-reference.com/players/k/karamil01.html
2012,58,Robbie Hummel,https://www.basketball-reference.com/players/h/hummero01.html
2012,59,Marcus Denmon,https://www.basketball-reference.com/players/d/denmoma01.html
2012,60,Robert Sacre,https://www.basketball-reference.com/players/s/sacrero01.html
2013,1,Anthony Bennett,https://www.basketball-reference.com/players/b/bennean01.html
2013,2,Victor Oladipo,https://www.basketball-reference.com/players/o/oladivi01.html
2013,3,Otto Porter Jr.,https://www.basketball-reference.com/players/p/porteot01.html
2013,4,Cody Zeller,https://www.basketball-reference.com/players/z/zelleco01.html
2013,5,Alex Len,https://www.basketball-reference.com/players/l/lenal01.html
2013,6,Nerlens Noel,https://www.basketball-reference.com/players/n/noelne01.html
2013,7,Ben McLemore,https://www.basketball-reference.com/players/m/mclembe01.html
2013,8,Kentavious Caldwell-Pope,https://www.basketball-reference.com/players/c/caldwke01.html
2013,9,Trey Burke,https://www.basketball-reference.com/players/b/burketr01.html
2013,10,CJ McCollum,https://www.basketball-reference.com/players/m/mccolcj01.html
2013,11,Michael Carter-Williams,https://www.basketball-reference.com/players/c/cartemi01.html
2013,12,Steven Adams,https://www.basketball-reference.com/players/a/adamsst01.html
2013,13,Kelly Olynyk,https://www.basketball-reference.com/players/o/olynyke01.html
2013,14,Shabazz Muhammad,https://www.basketball-reference.com/players/m/muhamsh01.html
2013,15,Giannis Antetokounmpo,https://www.basketball-reference.com/players/a/antetgi01.html
2013,16,Lucas Nogueira,https://www.basketball-reference.com/players/n/noguelu01.html
2013,17,Dennis Schröder,https://www.basketball-reference.com/players/s/schrode01.html
2013,18,Shane Larkin,https://www.basketball-reference.com/players/l/larkish01.html
2013,19,Sergey Karasev,https://www.basketball-reference.com/players/k/karasse01.html
2013,20,Tony Snell,https://www.basketball-reference.com/players/s/snellto01.html
2013,21,Gorgui Dieng,https://www.basketball-reference.com/players/d/dienggo01.html
2013,22,Mason Plumlee,https://www.basketball-reference.com/players/p/plumlma01.html
2013,23,Solomon Hill,https://www.basketball-reference.com/players/h/hillso01.html
2013,24,Tim Hardaway Jr.,https://www.basketball-reference.com/players/h/hardati02.html
2013,25,Reggie Bullock,https://www.basketball-reference.com/players/b/bullore01.html
2013,26,Andre Roberson,https://www.basketball-reference.com/players/r/roberan03.html
2013,27,Rudy Gobert,https://www.basketball-reference.com/players/g/goberru01.html
2013,28,Livio Jean-Charles,https://www.basketball-reference.com/players/j/jeancli01.html
2013,29,Archie Goodwin,https://www.basketball-reference.com/players/g/goodwar01.html
2013,30,Nemanja Nedović,https://www.basketball-reference.com/players/n/nedovne01.html
2013,31,Allen Crabbe,https://www.basketball-reference.com/players/c/crabbal01.html
2013,32,Álex Abrines,https://www.basketball-reference.com/players/a/abrinal01.html
2013,33,Carrick Felix,https://www.basketball-reference.com/players/f/felixca01.html
2013,34,Isaiah Canaan,https://www.basketball-reference.com/players/c/canaais01.html
2013,35,Glen Rice Jr.,https://www.basketball-reference.com/players/r/ricegl02.html
2013,36,Ray McCallum,https://www.basketball-reference.com/players/m/mccalra01.html
2013,37,Tony Mitchell,https://www.basketball-reference.com/players/m/mitchto02.html
2013,38,Nate Wolters,https://www.basketball-reference.com/players/w/woltena01.html
2013,39,Jeff Withey,https://www.basketball-reference.com/players/w/witheje01.html
2013,40,Grant Jerrett,https://www.basketball-reference.com/players/j/jerregr01.html
2013,41,Jamaal Franklin,https://www.basketball-reference.com/players/f/frankja01.html
2013,42,Pierre Jackson,https://www.basketball-reference.com/players/j/jackspi01.html
2013,43,Ricky Ledo,https://www.basketball-reference.com/players/l/ledori01.html
2013,44,Mike Muscala,https://www.basketball-reference.com/players/m/muscami01.html
2013,45,Marko Todorović,https://www.basketball-reference.com/players/t/todorma01.html
2013,46,Erick Green,https://www.basketball-reference.com/players/g/greener01.html
2013,47,Raul Neto,https://www.basketball-reference.com/players/n/netora01.html
2013,48,Ryan Kelly,https://www.basketball-reference.com/players/k/kellyry01.html
2013,49,Erik Murphy,https://www.basketball-reference.com/players/m/murpher01.html
2013,50,James Ennis III,https://www.basketball-reference.com/players/e/ennisja01.html
2013,51,Romero Osby,https://www.basketball-reference.com/players/o/osbyro01.html
2013,52,Lorenzo Brown,https://www.basketball-reference.com/players/b/brownlo01.html
2013,53,Colton Iverson,https://www.basketball-reference.com/players/i/iversco01.html
2013,54,Arsalan Kazemi,https://www.basketball-reference.com/players/k/kazemar01.html
2013,55,Joffrey Lauvergne,https://www.basketball-reference.com/players/l/lauvejo01.html
2013,56,Peyton Siva,https://www.basketball-reference.com/players/s/sivape01.html
2013,57,Alex Oriakhi,https://www.basketball-reference.com/players/o/oriakal01.html
2013,58,Deshaun Thomas,https://www.basketball-reference.com/players/t/thomade01.html
2013,59,Bojan Dubljević,https://www.basketball-reference.com/players/d/dubljbo01.html
2013,60,Jānis Timma,https://www.basketball-reference.com/players/t/timmaja01.html
2014,1,Andrew Wiggins,https://www.basketball-reference.com/players/w/wiggian01.html
2014,2,Jabari Parker,https://www.basketball-reference.com/players/p/parkeja01.html
2014,3,Joel Embiid,https://www.basketball-reference.com/players/e/embiijo01.html
2014,4,Aaron Gordon,https://www.basketball-reference.com/players/g/gordoaa01.html
2014,5,Dante Exum,https://www.basketball-reference.com/players/e/exumda01.html
2014,6,Marcus Smart,https://www.basketball-reference.com/players/s/smartma01.html
2014,7,Julius Randle,https://www.basketball-reference.com/players/r/randlju01.html
2014,8,Nik Stauskas,https://www.basketball-reference.com/players/s/stausni01.html
2014,9,Noah Vonleh,https://www.basketball-reference.com/players/v/vonleno01.html
2014,10,Elfrid Payton,https://www.basketball-reference.com/players/p/paytoel01.html
2014,11,Doug McDermott,https://www.basketball-reference.com/players/m/mcderdo01.html
2014,12,Dario Šarić,https://www.basketball-reference.com/players/s/saricda01.html
2014,13,Zach LaVine,https://www.basketball-reference.com/players/l/lavinza01.html
2014,14,T.J. Warren,https://www.basketball-reference.com/players/w/warretj01.html
2014,15,Adreian Payne,https://www.basketball-reference.com/players/p/paynead01.html
2014,16,Jusuf Nurkić,https://www.basketball-reference.com/players/n/nurkiju01.html
2014,17,James Young,https://www.basketball-reference.com/players/y/youngja01.html
2014,18,Tyler Ennis,https://www.basketball-reference.com/players/e/ennisty01.html
2014,19,Gary Harris,https://www.basketball-reference.com/players/h/harriga01.html
2014,20,Bruno Caboclo,https://www.basketball-reference.com/players/c/cabocbr01.html
2014,21,Mitch McGary,https://www.basketball-reference.com/players/m/mcgarmi01.html
2014,22,Jordan Adams,https://www.basketball-reference.com/players/a/adamsjo01.html
2014,23,Rodney Hood,https://www.basketball-reference.com/players/h/hoodro01.html
2014,24,Shabazz Napier,https://www.basketball-reference.com/players/n/napiesh01.html
2014,25,Clint Capela,https://www.basketball-reference.com/players/c/capelca01.html
2014,26,P.J. Hairston,https://www.basketball-reference.com/players/h/hairspj02.html
2014,27,Bogdan Bogdanović,https://www.basketball-reference.com/players/b/bogdabo01.html
2014,28,C.J. Wilcox,https://www.basketball-reference.com/players/w/wilcocj01.html
2014,29,Josh Huestis,https://www.basketball-reference.com/players/h/huestjo01.html
2014,30,Kyle Anderson,https://www.basketball-reference.com/players/a/anderky01.html
2014,31,Damien Inglis,https://www.basketball-reference.com/players/i/inglida01.html
2014,32,K.J. McDaniels,https://www.basketball-reference.com/players/m/mcdankj01.html
2014,33,Joe Harris,https://www.basketball-reference.com/players/h/harrijo01.html
2014,34,Cleanthony Early,https://www.basketball-reference.com/players/e/earlycl01.html
2014,35,Jarnell Stokes,https://www.basketball-reference.com/players/s/stokeja01.html
2014,36,Johnny O'Bryant,https://www.basketball-reference.com/players/o/obryajo01.html
2014,37,DeAndre Daniels,https://www.basketball-reference.com/players/d/daniede01.html
2014,38,Spencer Dinwiddie,https://www.basketball-reference.com/players/d/dinwisp01.html
2014,39,Jerami Grant,https://www.basketball-reference.com/players/g/grantje01.html
2014,40,Glenn Robinson III,https://www.basketball-reference.com/players/r/robingl02.html
2014,41,Nikola Jokić,https://www.basketball-reference.com/players/j/jokicni01.html
2014,42,Nick Johnson,https://www.basketball-reference.com/players/j/johnsni01.html
2014,43,Edy Tavares,https://www.basketball-reference.com/players/t/tavarwa01.html
2014,44,Markel Brown,https://www.basketball-reference.com/players/b/brownma02.html
2014,45,Dwight Powell,https://www.basketball-reference.com/players/p/poweldw01.html
2014,46,Jordan Clarkson,https://www.basketball-reference.com/players/c/clarkjo01.html
2014,47,Russ Smith,https://www.basketball-reference.com/players/s/smithru01.html
2014,48,Lamar Patterson,https://www.basketball-reference.com/players/p/pattela01.html
2014,49,Cameron Bairstow,https://www.basketball-reference.com/players/b/bairsca01.html
2014,50,Alec Brown,https://www.basketball-reference.com/players/b/brownal01.html
2014,51,Thanasis Antetokounmpo,https://www.basketball-reference.com/players/a/antetth01.html
2014,52,Vasilije Micić,https://www.basketball-reference.com/players/m/micicva01.html
2014,53,Alessandro Gentile,https://www.basketball-reference.com/players/g/gential01.html
2014,54,Nemanja Dangubić,https://www.basketball-reference.com/players/d/dangune01.html
2014,55,Semaj Christon,https://www.basketball-reference.com/players/c/chrisse01.html
2014,56,Devyn Marble,https://www.basketball-reference.com/players/m/marblde01.html
2014,57,Louis Labeyrie,https://www.basketball-reference.com/players/l/labeylo01.html
2014,58,Jordan McRae,https://www.basketball-reference.com/players/m/mcraejo01.html
2014,59,Xavier Thames,https://www.basketball-reference.com/players/t/thamexa01.html
2014,60,Cory Jefferson,https://www.basketball-reference.com/players/j/jeffeco01.html
2015,1,Karl-Anthony Towns,https://www.basketball-reference.com/players/t/townska01.html
2015,2,D'Angelo Russell,https://www.basketball-reference.com/players/r/russeda01.html
2015,3,Jahlil Okafor,https://www.basketball-reference.com/players/o/okafoja01.html
2015,4,Kristaps Porziņģis,https://www.basketball-reference.com/players/p/porzikr01.html
2015,5,Mario Hezonja,https://www.basketball-reference.com/players/h/hezonma01.html
2015,6,Willie Cauley-Stein,https://www.basketball-reference.com/players/c/caulewi01.html
2015,7,Emmanuel Mudiay,https://www.basketball-reference.com/players/m/mudiaem01.html
2015,8,Stanley Johnson,https://www.basketball-reference.com/players/j/johnsst04.html
2015,9,Frank Kaminsky,https://www.basketball-reference.com/players/k/kaminfr01.html
2015,10,Justise Winslow,https://www.basketball-reference.com/players/w/winslju01.html
2015,11,Myles Turner,https://www.basketball-reference.com/players/t/turnemy01.html
2015,12,Trey Lyles,https://www.basketball-reference.com/players/l/lylestr01.html
2015,13,Devin Booker,https://www.basketball-reference.com/players/b/bookede01.html
2015,14,Cameron Payne,https://www.basketball-reference.com/players/p/payneca01.html
2015,15,Kelly Oubre Jr.,https://www.basketball-reference.com/players/o/oubreke01.html
2015,16,Terry Rozier,https://www.basketball-reference.com/players/r/roziete01.html
2015,17,Rashad Vaughn,https://www.basketball-reference.com/players/v/vaughra01.html
2015,18,Sam Dekker,https://www.basketball-reference.com/players/d/dekkesa01.html
2015,19,Jerian Grant,https://www.basketball-reference.com/players/g/grantje02.html
2015,20,Delon Wright,https://www.basketball-reference.com/players/w/wrighde01.html
2015,21,Justin Anderson,https://www.basketball-reference.com/players/a/anderju01.html
2015,22,Bobby Portis,https://www.basketball-reference.com/players/p/portibo01.html
2015,23,Rondae Hollis-Jefferson,https://www.basketball-reference.com/players/h/holliro01.html
2015,24,Tyus Jones,https://www.basketball-reference.com/players/j/jonesty01.html
2015,25,Jarell Martin,https://www.basketball-reference.com/players/m/martija01.html
2015,26,Nikola Milutinov,https://www.basketball-reference.com/players/m/milutni01.html
2015,27,Larry Nance Jr.,https://www.basketball-reference.com/players/n/nancela02.html
2015,28,R.J. Hunter,https://www.basketball-reference.com/players/h/hunterj01.html
2015,29,Chris McCullough,https://www.basketball-reference.com/players/m/mcculch01.html
2015,30,Kevon Looney,https://www.basketball-reference.com/players/l/looneke01.html
2015,31,Cedi Osman,https://www.basketball-reference.com/players/o/osmande01.html
2015,32,Montrezl Harrell,https://www.basketball-reference.com/players/h/harremo01.html
2015,33,Jordan Mickey,https://www.basketball-reference.com/players/m/mickejo01.html
2015,34,Anthony Brown,https://www.basketball-reference.com/players/b/brownan02.html
2015,35,Willy Hernangómez,https://www.basketball-reference.com/players/h/hernawi01.html
2015,36,Rakeem Christmas,https://www.basketball-reference.com/players/c/chrisra01.html
2015,37,Richaun Holmes,https://www.basketball-reference.com/players/h/holmeri01.html
2015,38,Darrun Hilliard,https://www.basketball-reference.com/players/h/hillida01.html
2015,39,Juan Pablo Vaulet,https://www.basketball-reference.com/players/v/vauleju01.html
2015,40,Josh Richardson,https://www.basketball-reference.com/players/r/richajo01.html
2015,41,Pat Connaughton,https://www.basketball-reference.com/players/c/connapa01.html
2015,42,Olivier Hanlan,https://www.basketball-reference.com/players/h/hanlaol01.html
2015,43,Joe Young,https://www.basketball-reference.com/players/y/youngjo01.html
2015,44,Andrew Harrison,https://www.basketball-reference.com/players/h/harrian01.html
2015,45,Marcus Thornton,https://www.basketball-reference.com/players/t/thornma02.html
2015,46,Norman Powell,https://www.basketball-reference.com/players/p/powelno01.html
2015,47,Artūras Gudaitis,https://www.basketball-reference.com/players/g/gudaiar01.html
2015,48,Dakari Johnson,https://www.basketball-reference.com/players/j/johnsda04.html
2015,49,Aaron White,https://www.basketball-reference.com/players/w/whiteaa01.html
2015,50,Marcus Eriksson,https://www.basketball-reference.com/players/e/eriksma01.html
2015,51,Tyler Harvey,https://www.basketball-reference.com/players/h/harvety01.html
2015,52,Satnam Singh,https://www.basketball-reference.com/players/s/singhsa01.html
2015,53,Sir'Dominic Pointer,https://www.basketball-reference.com/players/p/pointsi01.html
2015,54,Dani Díez,https://www.basketball-reference.com/players/d/diezda01.html
2015,55,Cady Lalanne,https://www.basketball-reference.com/players/l/lalanca01.html
2015,56,Branden Dawson,https://www.basketball-reference.com/players/d/dawsobr01.html
2015,57,Nikola Radičević,https://www.basketball-reference.com/players/r/radicni01.html
2015,58,J.P. Tokoto,https://www.basketball-reference.com/players/t/tokotjp01.html
2015,59,Dimitrios Agravanis,https://www.basketball-reference.com/players/a/agravdi01.html
2015,60,Luka Mitrović,https://www.basketball-reference.com/players/m/mitrolu01.html
2016,1,Ben Simmons,https://www.basketball-reference.com/players/s/simmobe01.html
2016,2,Brandon Ingram,https://www.basketball-reference.com/players/i/ingrabr01.html
2016,3,Jaylen Brown,https://www.basketball-reference.com/players/b/brownja02.html
2016,4,Dragan Bender,https://www.basketball-reference.com/players/b/bendedr01.html
2016,5,Kris Dunn,https://www.basketball-reference.com/players/d/dunnkr01.html
2016,6,Buddy Hield,https://www.basketball-reference.com/players/h/hieldbu01.html
2016,7,Jamal Murray,https://www.basketball-reference.com/players/m/murraja01.html
2016,8,Marquese Chriss,https://www.basketball-reference.com/players/c/chrisma01.html
2016,9,Jakob Poeltl,https://www.basketball-reference.com/players/p/poeltja01.html
2016,10,Thon Maker,https://www.basketball-reference.com/players/m/makerth01.html
2016,11,Domantas Sabonis,https://www.basketball-reference.com/players/s/sabondo01.html
2016,12,Taurean Prince,https://www.basketball-reference.com/players/p/princta02.html
2016,13,Georgios Papagiannis,https://www.basketball-reference.com/players/p/papagge01.html
2016,14,Denzel Valentine,https://www.basketball-reference.com/players/v/valende01.html
2016,15,Juancho Hernangómez,https://www.basketball-reference.com/players/h/hernaju01.html
2016,16,Guerschon Yabusele,https://www.basketball-reference.com/players/y/yabusgu01.html
2016,17,Wade Baldwin,https://www.basketball-reference.com/players/b/baldwwa01.html
2016,18,Henry Ellenson,https://www.basketball-reference.com/players/e/ellenhe01.html
2016,19,Malik Beasley,https://www.basketball-reference.com/players/b/beaslma01.html
2016,20,Caris LeVert,https://www.basketball-reference.com/players/l/leverca01.html
2016,21,DeAndre' Bembry,https://www.basketball-reference.com/players/b/bembrde01.html
2016,22,Malachi Richardson,https://www.basketball-reference.com/players/r/richama01.html
2016,23,Ante Žižić,https://www.basketball-reference.com/players/z/zizican01.html
2016,24,Timothé Luwawu-Cabarrot,https://www.basketball-reference.com/players/l/luwawti01.html
2016,25,Brice Johnson,https://www.basketball-reference.com/players/j/johnsbr02.html
2016,26,Furkan Korkmaz,https://www.basketball-reference.com/players/k/korkmfu01.html
2016,27,Pascal Siakam,https://www.basketball-reference.com/players/s/siakapa01.html
2016,28,Skal Labissière,https://www.basketball-reference.com/players/l/labissk01.html
2016,29,Dejounte Murray,https://www.basketball-reference.com/players/m/murrade01.html
2016,30,Damian Jones,https://www.basketball-reference.com/players/j/jonesda03.html
2016,31,Deyonta Davis,https://www.basketball-reference.com/players/d/davisde01.html
2016,32,Ivica Zubac,https://www.basketball-reference.com/players/z/zubaciv01.html
2016,33,Cheick Diallo,https://www.basketball-reference.com/players/d/diallch01.html
2016,34,Tyler Ulis,https://www.basketball-reference.com/players/u/ulisty01.html
2016,35,Rade Zagorac,https://www.basketball-reference.com/players/z/zagorra01.html
2016,36,Malcolm Brogdon,https://www.basketball-reference.com/players/b/brogdma01.html
2016,37,Chinanu Onuaku,https://www.basketball-reference.com/players/o/onuakch01.html
2016,38,Patrick McCaw,https://www.basketball-reference.com/players/m/mccawpa01.html
2016,39,David Michineau,https://www.basketball-reference.com/players/m/michida01.html
2016,40,Diamond Stone,https://www.basketball-reference.com/players/s/stonedi01.html
2016,41,Stephen Zimmerman,https://www.basketball-reference.com/players/z/zimmest01.html
2016,42,Isaiah Whitehead,https://www.basketball-reference.com/players/w/whiteis01.html
2016,43,Zhou Qi,https://www.basketball-reference.com/players/q/qizh01.html
2016,44,Isaïa Cordinier,https://www.basketball-reference.com/players/c/cordiis01.html
2016,45,Demetrius Jackson,https://www.basketball-reference.com/players/j/jacksde01.html
2016,46,A.J. Hammons,https://www.basketball-reference.com/players/h/hammoaj01.html
2016,47,Jake Layman,https://www.basketball-reference.com/players/l/laymaja01.html
2016,48,Paul Zipser,https://www.basketball-reference.com/players/z/zipsepa01.html
2016,49,Michael Gbinije,https://www.basketball-reference.com/players/g/gbinimi01.html
2016,50,Georges Niang,https://www.basketball-reference.com/players/n/niangge01.html
2016,51,Ben Bentil,https://www.basketball-reference.com/players/b/bentibe01.html
2016,52,Joel Bolomboy,https://www.basketball-reference.com/players/b/bolomjo01.html
2016,53,Petr Cornelie,https://www.basketball-reference.com/players/c/cornepe01.html
2016,54,Kay Felder,https://www.basketball-reference.com/players/f/feldeka01.html
2016,55,Marcus Paige,https://www.basketball-reference.com/players/p/paigema01.html
2016,56,Daniel Hamilton,https://www.basketball-reference.com/players/h/hamilda02.html
2016,57,Wang Zhelin,https://www.basketball-reference.com/players/s/sheliwa01.html
2016,58,Abdel Nader,https://www.basketball-reference.com/players/n/naderab01.html
2016,59,Isaiah Cousins,https://www.basketball-reference.com/players/c/cousiis01.html
2016,60,Tyrone Wallace,https://www.basketball-reference.com/players/w/wallaty01.html
2017,1,Markelle Fultz,https://www.basketball-reference.com/players/f/fultzma01.html
2017,2,Lonzo Ball,https://www.basketball-reference.com/players/b/balllo01.html
2017,3,Jayson Tatum,https://www.basketball-reference.com/players/t/tatumja01.html
2017,4,Josh Jackson,https://www.basketball-reference.com/players/j/jacksjo02.html
2017,5,De'Aaron Fox,https://www.basketball-reference.com/players/f/foxde01.html
2017,6,Jonathan Isaac,https://www.basketball-reference.com/players/i/isaacjo01.html
2017,7,Lauri Markkanen,https://www.basketball-reference.com/players/m/markkla01.html
2017,8,Frank Ntilikina,https://www.basketball-reference.com/players/n/ntilila01.html
2017,9,Dennis Smith Jr.,https://www.basketball-reference.com/players/s/smithde03.html
2017,10,Zach Collins,https://www.basketball-reference.com/players/c/colliza01.html
2017,11,Malik Monk,https://www.basketball-reference.com/players/m/monkma01.html
2017,12,Luke Kennard,https://www.basketball-reference.com/players/k/kennalu01.html
2017,13,Donovan Mitchell,https://www.basketball-reference.com/players/m/mitchdo01.html
2017,14,Bam Adebayo,https://www.basketball-reference.com/players/a/adebaba01.html
2017,15,Justin Jackson,https://www.basketball-reference.com/players/j/jacksju01.html
2017,16,Justin Patton,https://www.basketball-reference.com/players/p/pattoju01.html
2017,17,D.J. Wilson,https://www.basketball-reference.com/players/w/wilsodj01.html
2017,18,T.J. Leaf,https://www.basketball-reference.com/players/l/leaftj01.html
2017,19,John Collins,https://www.basketball-reference.com/players/c/collijo01.html
2017,20,Harry Giles,https://www.basketball-reference.com/players/g/gilesha01.html
2017,21,Terrance Ferguson,https://www.basketball-reference.com/players/f/fergute01.html
2017,22,Jarrett Allen,https://www.basketball-reference.com/players/a/allenja01.html
2017,23,OG Anunoby,https://www.basketball-reference.com/players/a/anunoog01.html
2017,24,Tyler Lydon,https://www.basketball-reference.com/players/l/lydonty01.html
2017,25,Anžejs Pasečņiks,https://www.basketball-reference.com/players/p/pasecan01.html
2017,26,Caleb Swanigan,https://www.basketball-reference.com/players/s/swanica01.html
2017,27,Kyle Kuzma,https://www.basketball-reference.com/players/k/kuzmaky01.html
2017,28,Tony Bradley,https://www.basketball-reference.com/players/b/bradlto01.html
2017,29,Derrick White,https://www.basketball-reference.com/players/w/whitede01.html
2017,30,Josh Hart,https://www.basketball-reference.com/players/h/hartjo01.html
2017,31,Frank Jackson,https://www.basketball-reference.com/players/j/jacksfr01.html
2017,32,Davon Reed,https://www.basketball-reference.com/players/r/reedda01.html
2017,33,Wes Iwundu,https://www.basketball-reference.com/players/i/iwundwe01.html
2017,34,Frank Mason III,https://www.basketball-reference.com/players/m/masonfr01.html
2017,35,Ivan Rabb,https://www.basketball-reference.com/players/r/rabbiv01.html
2017,36,Jonah Bolden,https://www.basketball-reference.com/players/b/boldejo01.html
2017,37,Semi Ojeleye,https://www.basketball-reference.com/players/o/ojelese01.html
2017,38,Jordan Bell,https://www.basketball-reference.com/players/b/belljo01.html
2017,39,Jawun Evans,https://www.basketball-reference.com/players/e/evansja01.html
2017,40,Dwayne Bacon,https://www.basketball-reference.com/players/b/bacondw01.html
2017,41,Tyler Dorsey,https://www.basketball-reference.com/players/d/dorsety01.html
2017,42,Thomas Bryant,https://www.basketball-reference.com/players/b/bryanth01.html
2017,43,Isaiah Hartenstein,https://www.basketball-reference.com/players/h/harteis01.html
2017,44,Damyean Dotson,https://www.basketball-reference.com/players/d/dotsoda01.html
2017,45,Dillon Brooks,https://www.basketball-reference.com/players/b/brookdi01.html
2017,46,Sterling Brown,https://www.basketball-reference.com/players/b/brownst02.html
2017,47,Ike Anigbogu,https://www.basketball-reference.com/players/a/anigbik01.html
2017,48,Sindarius Thornwell,https://www.basketball-reference.com/players/t/thornsi01.html
2017,49,Vlatko Čančar,https://www.basketball-reference.com/players/c/cancavl01.html
2017,50,Mathias Lessort,https://www.basketball-reference.com/players/l/lessoma01.html
2017,51,Monte Morris,https://www.basketball-reference.com/players/m/morrimo01.html
2017,52,Edmond Sumner,https://www.basketball-reference.com/players/s/sumneed01.html
2017,53,Kadeem Allen,https://www.basketball-reference.com/players/a/allenka01.html
2017,54,Alec Peters,https://www.basketball-reference.com/players/p/peteral01.html
2017,55,Nigel Williams-Goss,https://www.basketball-reference.com/players/w/willini01.html
2017,56,Jabari Bird,https://www.basketball-reference.com/players/b/birdja01.html
2017,57,Sasha Vezenkov,https://www.basketball-reference.com/players/v/vezenal01.html
2017,58,Ognjen Jaramaz,https://www.basketball-reference.com/players/j/jaramog01.html
2017,59,Jaron Blossomgame,https://www.basketball-reference.com/players/b/blossja01.html
2017,60,Alpha Kaba,https://www.basketball-reference.com/players/k/kabaal01.html
2018,1,Deandre Ayton,https://www.basketball-reference.com/players/a/aytonde01.html
2018,2,Marvin Bagley III,https://www.basketball-reference.com/players/b/baglema01.html
2018,3,Luka Dončić,https://www.basketball-reference.com/players/d/doncilu01.html
2018,4,Jaren Jackson Jr.,https://www.basketball-reference.com/players/j/jacksja02.html
2018,5,Trae Young,https://www.basketball-reference.com/players/y/youngtr01.html
2018,6,Mo Bamba,https://www.basketball-reference.com/players/b/bambamo01.html
2018,7,Wendell Carter Jr.,https://www.basketball-reference.com/players/c/cartewe01.html
2018,8,Collin Sexton,https://www.basketball-reference.com/players/s/sextoco01.html
2018,9,Kevin Knox,https://www.basketball-reference.com/players/k/knoxke01.html
2018,10,Mikal Bridges,https://www.basketball-reference.com/players/b/bridgmi01.html
2018,11,Shai Gilgeous-Alexander,https://www.basketball-reference.com/players/g/gilgesh01.html
2018,12,Miles Bridges,https://www.basketball-reference.com/players/b/bridgmi02.html
2018,13,Jerome Robinson,https://www.basketball-reference.com/players/r/robinje01.html
2018,14,Michael Porter Jr.,https://www.basketball-reference.com/players/p/portemi01.html
2018,15,Troy Brown Jr.,https://www.basketball-reference.com/players/b/browntr01.html
2018,16,Zhaire Smith,https://www.basketball-reference.com/players/s/smithzh01.html
2018,17,Donte DiVincenzo,https://www.basketball-reference.com/players/d/divindo01.html
2018,18,Lonnie Walker IV,https://www.basketball-reference.com/players/w/walkelo01.html
2018,19,Kevin Huerter,https://www.basketball-reference.com/players/h/huertke01.html
2018,20,Josh Okogie,https://www.basketball-reference.com/players/o/okogijo01.html
2018,21,Grayson Allen,https://www.basketball-reference.com/players/a/allengr01.html
2018,22,Chandler Hutchison,https://www.basketball-reference.com/players/h/hutchch01.html
2018,23,Aaron Holiday,https://www.basketball-reference.com/players/h/holidaa01.html
2018,24,Anfernee Simons,https://www.basketball-reference.com/players/s/simonan01.html
2018,25,Moritz Wagner,https://www.basketball-reference.com/players/w/wagnemo01.html
2018,26,Landry Shamet,https://www.basketball-reference.com/players/s/shamela01.html
2018,27,Robert Williams,https://www.basketball-reference.com/players/w/williro04.html
2018,28,Jacob Evans,https://www.basketball-reference.com/players/e/evansja02.html
2018,29,Džanan Musa,https://www.basketball-reference.com/players/m/musadz01.html
2018,30,Omari Spellman,https://www.basketball-reference.com/players/s/spellom01.html
2018,31,Elie Okobo,https://www.basketball-reference.com/players/o/okoboel01.html
2018,32,Jevon Carter,https://www.basketball-reference.com/players/c/carteje01.html
2018,33,Jalen Brunson,https://www.basketball-reference.com/players/b/brunsja01.html
2018,34,Devonte' Graham,https://www.basketball-reference.com/players/g/grahade01.html
2018,35,Melvin Frazier,https://www.basketball-reference.com/players/f/frazime01.html
2018,36,Mitchell Robinson,https://www.basketball-reference.com/players/r/robinmi01.html
2018,37,Gary Trent Jr.,https://www.basketball-reference.com/players/t/trentga02.html
2018,38,Khyri Thomas,https://www.basketball-reference.com/players/t/thomakh01.html
2018,39,Isaac Bonga,https://www.basketball-reference.com/players/b/bongais01.html
2018,40,Rodions Kurucs,https://www.basketball-reference.com/players/k/kurucro01.html
2018,41,Jarred Vanderbilt,https://www.basketball-reference.com/players/v/vandeja01.html
2018,42,Bruce Brown,https://www.basketball-reference.com/players/b/brownbr01.html
2018,43,Justin Jackson,https://www.basketball-reference.com/players/j/jacksju02.html
2018,44,Issuf Sanon,https://www.basketball-reference.com/players/s/sanonis01.html
2018,45,Hamidou Diallo,https://www.basketball-reference.com/players/d/diallha01.html
2018,46,De'Anthony Melton,https://www.basketball-reference.com/players/m/meltode01.html
2018,47,Svi Mykhailiuk,https://www.basketball-reference.com/players/m/mykhasv01.html
2018,48,Keita Bates-Diop,https://www.basketball-reference.com/players/b/bateske01.html
2018,49,Chimezie Metu,https://www.basketball-reference.com/players/m/metuch01.html
2018,50,Alize Johnson,https://www.basketball-reference.com/players/j/johnsal02.html
2018,51,Tony Carr,https://www.basketball-reference.com/players/c/carrto01.html
2018,52,Vince Edwards,https://www.basketball-reference.com/players/e/edwarvi01.html
2018,53,Devon Hall,https://www.basketball-reference.com/players/h/hallde01.html
2018,54,Shake Milton,https://www.basketball-reference.com/players/m/miltosh01.html
2018,55,Arnoldas Kulboka,https://www.basketball-reference.com/players/k/kulboar01.html
2018,56,Ray Spalding,https://www.basketball-reference.com/players/s/spaldra01.html
2018,57,Kevin Hervey,https://www.basketball-reference.com/players/h/herveke01.html
2018,58,Thomas Welsh,https://www.basketball-reference.com/players/w/welshth01.html
2018,59,George King,https://www.basketball-reference.com/players/k/kingge03.html
2018,60,Kostas Antetokounmpo,https://www.basketball-reference.com/players/a/antetko01.html
2019,1,Zion Williamson,https://www.basketball-reference.com/players/w/willizi01.html
2019,2,Ja Morant,https://www.basketball-reference.com/players/m/moranja01.html
2019,3,RJ Barrett,https://www.basketball-reference.com/players/b/barrerj01.html
2019,4,De'Andre Hunter,https://www.basketball-reference.com/players/h/huntede01.html
2019,5,Darius Garland,https://www.basketball-reference.com/players/g/garlada01.html
2019,6,Jarrett Culver,https://www.basketball-reference.com/players/c/culveja01.html
2019,7,Coby White,https://www.basketball-reference.com/players/w/whiteco01.html
2019,8,Jaxson Hayes,https://www.basketball-reference.com/players/h/hayesja02.html
2019,9,Rui Hachimura,https://www.basketball-reference.com/players/h/hachiru01.html
2019,10,Cam Reddish,https://www.basketball-reference.com/players/r/reddica01.html
2019,11,Cameron Johnson,https://www.basketball-reference.com/players/j/johnsca02.html
2019,12,P.J. Washington,https://www.basketball-reference.com/players/w/washipj01.html
2019,13,Tyler Herro,https://www.basketball-reference.com/players/h/herroty01.html
2019,14,Romeo Langford,https://www.basketball-reference.com/players/l/langfro01.html
2019,15,Sekou Doumbouya,https://www.basketball-reference.com/players/d/doumbse01.html
2019,16,Chuma Okeke,https://www.basketball-reference.com/players/o/okekech01.html
2019,17,Nickeil Alexander-Walker,https://www.basketball-reference.com/players/a/alexani01.html
2019,18,Goga Bitadze,https://www.basketball-reference.com/players/b/bitadgo01.html
2019,19,Luka Šamanić,https://www.basketball-reference.com/players/s/samanlu01.html
2019,20,Matisse Thybulle,https://www.basketball-reference.com/players/t/thybuma01.html
2019,21,Brandon Clarke,https://www.basketball-reference.com/players/c/clarkbr01.html
2019,22,Grant Williams,https://www.basketball-reference.com/players/w/willigr01.html
2019,23,Darius Bazley,https://www.basketball-reference.com/players/b/bazleda01.html
2019,24,Ty Jerome,https://www.basketball-reference.com/players/j/jeromty01.html
2019,25,Nassir Little,https://www.basketball-reference.com/players/l/littlna01.html
2019,26,Dylan Windler,https://www.basketball-reference.com/players/w/windldy01.html
2019,27,Mfiondu Kabengele,https://www.basketball-reference.com/players/k/kabenmf01.html
2019,28,Jordan Poole,https://www.basketball-reference.com/players/p/poolejo01.html
2019,29,Keldon Johnson,https://www.basketball-reference.com/players/j/johnske04.html
2019,30,Kevin Porter Jr.,https://www.basketball-reference.com/players/p/porteke02.html
2019,31,Nic Claxton,https://www.basketball-reference.com/players/c/claxtni01.html
2019,32,KZ Okpala,https://www.basketball-reference.com/players/o/okpalkz01.html
2019,33,Carsen Edwards,https://www.basketball-reference.com/players/e/edwarca01.html
2019,34,Bruno Fernando,https://www.basketball-reference.com/players/f/fernabr01.html
2019,35,Didi Louzada,https://www.basketball-reference.com/players/l/louzama01.html
2019,36,Cody Martin,https://www.basketball-reference.com/players/m/martico01.html
2019,37,Deividas Sirvydis,https://www.basketball-reference.com/players/s/sirvyde01.html
2019,38,Daniel Gafford,https://www.basketball-reference.com/players/g/gaffoda01.html
2019,39,Alen Smailagić,https://www.basketball-reference.com/players/s/smailal01.html
2019,40,Justin James,https://www.basketball-reference.com/players/j/jamesju01.html
2019,41,Eric Paschall,https://www.basketball-reference.com/players/p/pascher01.html
2019,42,Admiral Schofield,https://www.basketball-reference.com/players/s/schofad01.html
2019,43,Jaylen Nowell,https://www.basketball-reference.com/players/n/nowelja01.html
2019,44,Bol Bol,https://www.basketball-reference.com/players/b/bolbo01.html
2019,45,Isaiah Roby,https://www.basketball-reference.com/players/r/robyis01.html
2019,46,Talen Horton-Tucker,https://www.basketball-reference.com/players/h/hortota01.html
2019,47,Ignas Brazdeikis,https://www.basketball-reference.com/players/b/brazdig01.html
2019,48,Terance Mann,https://www.basketball-reference.com/players/m/mannte01.html
2019,49,Quinndary Weatherspoon,https://www.basketball-reference.com/players/w/weathqu01.html
2019,50,Jarrell Brantley,https://www.basketball-reference.com/players/b/brantja01.html
2019,51,Tremont Waters,https://www.basketball-reference.com/players/w/watertr01.html
2019,52,Jalen McDaniels,https://www.basketball-reference.com/players/m/mcdanja01.html
2019,53,Justin Wright-Foreman,https://www.basketball-reference.com/players/w/wrighju02.html
2019,54,Marial Shayok,https://www.basketball-reference.com/players/s/shayoma01.html
2019,55,Kyle Guy,https://www.basketball-reference.com/players/g/guyky01.html
2019,56,Jaylen Hands,https://www.basketball-reference.com/players/h/handsja01.html
2019,57,Jordan Bone,https://www.basketball-reference.com/players/b/bonejo01.html
2019,58,Miye Oni,https://www.basketball-reference.com/players/o/onimi01.html
2019,59,Dewan Hernandez,https://www.basketball-reference.com/players/h/hernade01.html
2019,60,Vanja Marinković,https://www.basketball-reference.com/players/m/marinva01.html
2020,1,Anthony Edwards,https://www.basketball-reference.com/players/e/edwaran01.html
2020,2,James Wiseman,https://www.basketball-reference.com/players/w/wisemja01.html
2020,3,LaMelo Ball,https://www.basketball-reference.com/players/b/ballla01.html
2020,4,Patrick Williams,https://www.basketball-reference.com/players/w/willipa01.html
2020,5,Isaac Okoro,https://www.basketball-reference.com/players/o/okorois01.html
2020,6,Onyeka Okongwu,https://www.basketball-reference.com/players/o/okongon01.html
2020,7,Killian Hayes,https://www.basketball-reference.com/players/h/hayeski01.html
2020,8,Obi Toppin,https://www.basketball-reference.com/players/t/toppiob01.html
2020,9,Deni Avdija,https://www.basketball-reference.com/players/a/avdijde01.html
2020,10,Jalen Smith,https://www.basketball-reference.com/players/s/smithja04.html
2020,11,Devin Vassell,https://www.basketball-reference.com/players/v/vassede01.html
2020,12,Tyrese Haliburton,https://www.basketball-reference.com/players/h/halibty01.html
2020,13,Kira Lewis Jr.,https://www.basketball-reference.com/players/l/lewiski01.html
2020,14,Aaron Nesmith,https://www.basketball-reference.com/players/n/nesmiaa01.html
2020,15,Cole Anthony,https://www.basketball-reference.com/players/a/anthoco01.html
2020,16,Isaiah Stewart,https://www.basketball-reference.com/players/s/stewais01.html
2020,17,Aleksej Pokusevski,https://www.basketball-reference.com/players/p/pokusal01.html
2020,18,Josh Green,https://www.basketball-reference.com/players/g/greenjo02.html
2020,19,Saddiq Bey,https://www.basketball-reference.com/players/b/beysa01.html
2020,20,Precious Achiuwa,https://www.basketball-reference.com/players/a/achiupr01.html
2020,21,Tyrese Maxey,https://www.basketball-reference.com/players/m/maxeyty01.html
2020,22,Zeke Nnaji,https://www.basketball-reference.com/players/n/nnajize01.html
2020,23,Leandro Bolmaro,https://www.basketball-reference.com/players/b/bolmale01.html
2020,24,R.J. Hampton,https://www.basketball-reference.com/players/h/hamptrj01.html
2020,25,Immanuel Quickley,https://www.basketball-reference.com/players/q/quickim01.html
2020,26,Payton Pritchard,https://www.basketball-reference.com/players/p/pritcpa01.html
2020,27,Udoka Azubuike,https://www.basketball-reference.com/players/a/azubuud01.html
2020,28,Jaden McDaniels,https://www.basketball-reference.com/players/m/mcdanja02.html
2020,29,Malachi Flynn,https://www.basketball-reference.com/players/f/flynnma01.html
2020,30,Desmond Bane,https://www.basketball-reference.com/players/b/banede01.html
2020,31,Tyrell Terry,https://www.basketball-reference.com/players/t/terryty01.html
2020,32,Vernon Carey Jr.,https://www.basketball-reference.com/players/c/careyve01.html
2020,33,Daniel Oturu,https://www.basketball-reference.com/players/o/oturuda01.html
2020,34,Théo Maledon,https://www.basketball-reference.com/players/m/maledth01.html
2020,35,Xavier Tillman Sr.,https://www.basketball-reference.com/players/t/tillmxa01.html
2020,36,Tyler Bey,https://www.basketball-reference.com/players/b/beyty01.html
2020,37,Vit Krejci,https://www.basketball-reference.com/players/k/krejcvi01.html
2020,38,Saben Lee,https://www.basketball-reference.com/players/l/leesa01.html
2020,39,Elijah Hughes,https://www.basketball-reference.com/players/h/hugheel01.html
2020,40,Robert Woodard II,https://www.basketball-reference.com/players/w/woodaro01.html
2020,41,Tre Jones,https://www.basketball-reference.com/players/j/jonestr01.html
2020,42,Nick Richards,https://www.basketball-reference.com/players/r/richani01.html
2020,43,Jahmi'us Ramsey,https://www.basketball-reference.com/players/r/ramseja01.html
2020,44,Marko Simonovic,https://www.basketball-reference.com/players/s/simonma01.html
2020,45,Jordan Nwora,https://www.basketball-reference.com/players/n/nworajo01.html
2020,46,CJ Elleby,https://www.basketball-reference.com/players/e/ellebcj01.html
2020,47,Yam Madar,https://www.basketball-reference.com/players/m/madarya01.html
2020,48,Nico Mannion,https://www.basketball-reference.com/players/m/mannini01.html
2020,49,Isaiah Joe,https://www.basketball-reference.com/players/j/joeis01.html
2020,50,Skylar Mays,https://www.basketball-reference.com/players/m/mayssk01.html
2020,51,Justinian Jessup,https://www.basketball-reference.com/players/j/jessuju01.html
2020,52,KJ Martin,https://www.basketball-reference.com/players/m/martike04.html
2020,53,Cassius Winston,https://www.basketball-reference.com/players/w/winstca01.html
2020,54,Cassius Stanley,https://www.basketball-reference.com/players/s/stanlca01.html
2020,55,Jay Scrubb,https://www.basketball-reference.com/players/s/scrubja01.html
2020,56,Grant Riller,https://www.basketball-reference.com/players/r/rillegr01.html
2020,57,Reggie Perry,https://www.basketball-reference.com/players/p/perryre01.html
2020,58,Paul Reed,https://www.basketball-reference.com/players/r/reedpa01.html
2020,59,Jalen Harris,https://www.basketball-reference.com/players/h/harrija01.html
2020,60,Sam Merrill,https://www.basketball-reference.com/players/m/merrisa01.html
2021,1,Cade Cunningham,https://www.basketball-reference.com/players/c/cunnica01.html
2021,2,Jalen Green,https://www.basketball-reference.com/players/g/greenja05.html
2021,3,Evan Mobley,https://www.basketball-reference.com/players/m/mobleev01.html
2021,4,Scottie Barnes,https://www.basketball-reference.com/players/b/barnesc01.html
2021,5,Jalen Suggs,https://www.basketball-reference.com/players/s/suggsja01.html
2021,6,Josh Giddey,https://www.basketball-reference.com/players/g/giddejo01.html
2021,7,Jonathan Kuminga,https://www.basketball-reference.com/players/k/kuminjo01.html
2021,8,Franz Wagner,https://www.basketball-reference.com/players/w/wagnefr01.html
2021,9,Davion Mitchell,https://www.basketball-reference.com/players/m/mitchda01.html
2021,10,Ziaire Williams,https://www.basketball-reference.com/players/w/willizi02.html
2021,11,James Bouknight,https://www.basketball-reference.com/players/b/bouknja01.html
2021,12,Joshua Primo,https://www.basketball-reference.com/players/p/primojo01.html
2021,13,Chris Duarte,https://www.basketball-reference.com/players/d/duartch01.html
2021,14,Moses Moody,https://www.basketball-reference.com/players/m/moodymo01.html
2021,15,Corey Kispert,https://www.basketball-reference.com/players/k/kispeco01.html
2021,16,Alperen Şengün,https://www.basketball-reference.com/players/s/sengual01.html
2021,17,Trey Murphy III,https://www.basketball-reference.com/players/m/murphtr02.html
2021,18,Tre Mann,https://www.basketball-reference.com/players/m/manntr01.html
2021,19,Kai Jones,https://www.basketball-reference.com/players/j/joneska01.html
2021,20,Jalen Johnson,https://www.basketball-reference.com/players/j/johnsja05.html
2021,21,Keon Johnson,https://www.basketball-reference.com/players/j/johnske07.html
2021,22,Isaiah Jackson,https://www.basketball-reference.com/players/j/jacksis01.html
2021,23,Usman Garuba,https://www.basketball-reference.com/players/g/garubus01.html
2021,24,Josh Christopher,https://www.basketball-reference.com/players/c/chrisjo01.html
2021,25,Quentin Grimes,https://www.basketball-reference.com/players/g/grimequ01.html
2021,26,Bones Hyland,https://www.basketball-reference.com/players/h/hylanbo01.html
2021,27,Cam Thomas,https://www.basketball-reference.com/players/t/thomaca02.html
2021,28,Jaden Springer,https://www.basketball-reference.com/players/s/sprinja01.html
2021,29,Day'Ron Sharpe,https://www.basketball-reference.com/players/s/sharpda01.html
2021,30,Santi Aldama,https://www.basketball-reference.com/players/a/aldamsa01.html
2021,31,Isaiah Todd,https://www.basketball-reference.com/players/t/toddis01.html
2021,32,Jeremiah Robinson-Earl,https://www.basketball-reference.com/players/r/robinje02.html
2021,33,Jason Preston,https://www.basketball-reference.com/players/p/prestja01.html
2021,34,Rokas Jokubaitis,https://www.basketball-reference.com/players/j/jokubro01.html
2021,35,Herbert Jones,https://www.basketball-reference.com/players/j/joneshe01.html
2021,36,Miles McBride,https://www.basketball-reference.com/players/m/mcbrimi01.html
2021,37,JT Thor,https://www.basketball-reference.com/players/t/thorjt01.html
2021,38,Ayo Dosunmu,https://www.basketball-reference.com/players/d/dosunay01.html
2021,39,Neemias Queta,https://www.basketball-reference.com/players/q/quetane01.html
2021,40,Jared Butler,https://www.basketball-reference.com/players/b/butleja02.html
2021,41,Joe Wieskamp,https://www.basketball-reference.com/players/w/wieskjo01.html
2021,42,Isaiah Livers,https://www.basketball-reference.com/players/l/liveris01.html
2021,43,Greg Brown III,https://www.basketball-reference.com/players/b/browngr01.html
2021,44,Kessler Edwards,https://www.basketball-reference.com/players/e/edwarke02.html
2021,45,Juhann Begarin,https://www.basketball-reference.com/players/b/begarju01.html
2021,46,Dalano Banton,https://www.basketball-reference.com/players/b/bantoda01.html
2021,47,David Johnson,https://www.basketball-reference.com/players/j/johnsda08.html
2021,48,Sharife Cooper,https://www.basketball-reference.com/players/c/coopesh01.html
2021,49,Marcus Zegarowski,https://www.basketball-reference.com/players/z/zegarma01.html
2021,50,Filip Petrušev,https://www.basketball-reference.com/players/p/petrufi01.html
2021,51,Brandon Boston Jr.,https://www.basketball-reference.com/players/b/bostobr01.html
2021,52,Luka Garza,https://www.basketball-reference.com/players/g/garzalu01.html
2021,53,Charles Bassey,https://www.basketball-reference.com/players/b/bassech01.html
2021,54,Sandro Mamukelashvili,https://www.basketball-reference.com/players/m/mamuksa01.html
2021,55,Aaron Wiggins,https://www.basketball-reference.com/players/w/wiggiaa01.html
2021,56,Scottie Lewis,https://www.basketball-reference.com/players/l/lewissc01.html
2021,57,Balša Koprivica,https://www.basketball-reference.com/players/k/kopriba01.html
2021,58,Jericho Sims,https://www.basketball-reference.com/players/s/simsje01.html
2021,59,RaiQuan Gray,https://www.basketball-reference.com/players/g/grayra01.html
2021,60,Georgios Kalaitzakis,https://www.basketball-reference.com/players/k/kalaige01.html
2022,1,Paolo Banchero,https://www.basketball-reference.com/players/b/banchpa01.html
2022,2,Chet Holmgren,https://www.basketball-reference.com/players/h/holmgch01.html
2022,3,Jabari Smith Jr.,https://www.basketball-reference.com/players/s/smithja05.html
2022,4,Keegan Murray,https://www.basketball-reference.com/players/m/murrake02.html
2022,5,Jaden Ivey,https://www.basketball-reference.com/players/i/iveyja01.html
2022,6,Bennedict Mathurin,https://www.basketball-reference.com/players/m/mathube01.html
2022,7,Shaedon Sharpe,https://www.basketball-reference.com/players/s/sharpsh01.html
2022,8,Dyson Daniels,https://www.basketball-reference.com/players/d/daniedy01.html
2022,9,Jeremy Sochan,https://www.basketball-reference.com/players/s/sochaje01.html
2022,10,Johnny Davis,https://www.basketball-reference.com/players/d/davisjo06.html
2022,11,Ousmane Dieng,https://www.basketball-reference.com/players/d/diengou01.html
2022,12,Jalen Williams,https://www.basketball-reference.com/players/w/willija06.html
2022,13,Jalen Duren,https://www.basketball-reference.com/players/d/durenja01.html
2022,14,Ochai Agbaji,https://www.basketball-reference.com/players/a/agbajoc01.html
2022,15,Mark Williams,https://www.basketball-reference.com/players/w/willima07.html
2022,16,AJ Griffin,https://www.basketball-reference.com/players/g/griffaj01.html
2022,17,Tari Eason,https://www.basketball-reference.com/players/e/easonta01.html
2022,18,Dalen Terry,https://www.basketball-reference.com/players/t/terryda01.html
2022,19,Jake LaRavia,https://www.basketball-reference.com/players/l/laravja01.html
2022,20,Malaki Branham,https://www.basketball-reference.com/players/b/branhma01.html
2022,21,Christian Braun,https://www.basketball-reference.com/players/b/braunch01.html
2022,22,Walker Kessler,https://www.basketball-reference.com/players/k/kesslwa01.html
2022,23,David Roddy,https://www.basketball-reference.com/players/r/roddyda01.html
2022,24,MarJon Beauchamp,https://www.basketball-reference.com/players/b/beaucma01.html
2022,25,Blake Wesley,https://www.basketball-reference.com/players/w/weslebl01.html
2022,26,Wendell Moore Jr.,https://www.basketball-reference.com/players/m/moorewe01.html
2022,27,Nikola Jović,https://www.basketball-reference.com/players/j/jovicni01.html
2022,28,Patrick Baldwin Jr.,https://www.basketball-reference.com/players/b/baldwpa01.html
2022,29,TyTy Washington Jr.,https://www.basketball-reference.com/players/w/washity02.html
2022,30,Peyton Watson,https://www.basketball-reference.com/players/w/watsope01.html
2022,31,Andrew Nembhard,https://www.basketball-reference.com/players/n/nembhan01.html
2022,32,Caleb Houstan,https://www.basketball-reference.com/players/h/houstca01.html
2022,33,Christian Koloko,https://www.basketball-reference.com/players/k/kolokch01.html
2022,34,Jaylin Williams,https://www.basketball-reference.com/players/w/willija07.html
2022,35,Max Christie,https://www.basketball-reference.com/players/c/chrisma02.html
2022,36,Gabriele Procida,https://www.basketball-reference.com/players/p/prociga01.html
2022,37,Jaden Hardy,https://www.basketball-reference.com/players/h/hardyja02.html
2022,38,Kennedy Chandler,https://www.basketball-reference.com/players/c/chandke01.html
2022,39,Khalifa Diop,https://www.basketball-reference.com/players/d/diopkh01.html
2022,40,Bryce McGowens,https://www.basketball-reference.com/players/m/mcgowbr01.html
2022,41,E.J. Liddell,https://www.basketball-reference.com/players/l/liddeej01.html
2022,42,Trevor Keels,https://www.basketball-reference.com/players/k/keelstr01.html
2022,43,Moussa Diabaté,https://www.basketball-reference.com/players/d/diabamo01.html
2022,44,Ryan Rollins,https://www.basketball-reference.com/players/r/rolliry01.html
2022,45,Josh Minott,https://www.basketball-reference.com/players/m/minotjo01.html
2022,46,Ismael Kamagate,https://www.basketball-reference.com/players/k/kamagis01.html
2022,47,Vince Williams Jr.,https://www.basketball-reference.com/players/w/willivi01.html
2022,48,Kendall Brown,https://www.basketball-reference.com/players/b/brownke03.html
2022,49,Isaiah Mobley,https://www.basketball-reference.com/players/m/mobleis01.html
2022,50,Matteo Spagnolo,https://www.basketball-reference.com/players/s/spagnma01.html
2022,51,Tyrese Martin,https://www.basketball-reference.com/players/m/martity01.html
2022,52,Karlo Matković,https://www.basketball-reference.com/players/m/matkoka01.html
2022,53,JD Davison,https://www.basketball-reference.com/players/d/davisjd01.html
2022,54,Yannick Nzosa,https://www.basketball-reference.com/players/n/nzosaya01.html
2022,55,Gui Santos,https://www.basketball-reference.com/players/s/santogu01.html
2022,56,Luke Travers,https://www.basketball-reference.com/players/t/travelu01.html
2022,57,Jabari Walker,https://www.basketball-reference.com/players/w/walkeja01.html
2022,58,Hugo Besson,https://www.basketball-reference.com/players/b/bessohu01.html
2023,1,Victor Wembanyama,https://www.basketball-reference.com/players/w/wembavi01.html
2023,2,Brandon Miller,https://www.basketball-reference.com/players/m/millebr02.html
2023,3,Scoot Henderson,https://www.basketball-reference.com/players/h/hendesc01.html
2023,4,Amen Thompson,https://www.basketball-reference.com/players/t/thompam01.html
2023,5,Ausar Thompson,https://www.basketball-reference.com/players/t/thompau01.html
2023,6,Anthony Black,https://www.basketball-reference.com/players/b/blackan01.html
2023,7,Bilal Coulibaly,https://www.basketball-reference.com/players/c/coulibi01.html
2023,8,Jarace Walker,https://www.basketball-reference.com/players/w/walkeja02.html
2023,9,Taylor Hendricks,https://www.basketball-reference.com/players/h/hendrta01.html
2023,10,Cason Wallace,https://www.basketball-reference.com/players/w/wallaca01.html
2023,11,Jett Howard,https://www.basketball-reference.com/players/h/howarje01.html
2023,12,Dereck Lively II,https://www.basketball-reference.com/players/l/livelde01.html
2023,13,Gradey Dick,https://www.basketball-reference.com/players/d/dickgr01.html
2023,14,Jordan Hawkins,https://www.basketball-reference.com/players/h/hawkijo01.html
2023,15,Kobe Bufkin,https://www.basketball-reference.com/players/b/bufkiko01.html
2023,16,Keyonte George,https://www.basketball-reference.com/players/g/georgke01.html
2023,17,Jalen Hood-Schifino,https://www.basketball-reference.com/players/h/hoodsja01.html
2023,18,Jaime Jaquez Jr.,https://www.basketball-reference.com/players/j/jaqueja01.html
2023,19,Brandin Podziemski,https://www.basketball-reference.com/players/p/podzibr01.html
2023,20,Cam Whitmore,https://www.basketball-reference.com/players/w/whitmca01.html
2023,21,Noah Clowney,https://www.basketball-reference.com/players/c/clownno01.html
2023,22,Dariq Whitehead,https://www.basketball-reference.com/players/w/whiteda01.html
2023,23,Kris Murray,https://www.basketball-reference.com/players/m/murrakr01.html
2023,24,Olivier-Maxence Prosper,https://www.basketball-reference.com/players/p/prospol01.html
2023,25,Marcus Sasser,https://www.basketball-reference.com/players/s/sassema01.html
2023,26,Ben Sheppard,https://www.basketball-reference.com/players/s/sheppbe01.html
2023,27,Nick Smith Jr.,https://www.basketball-reference.com/players/s/smithni01.html
2023,28,Brice Sensabaugh,https://www.basketball-reference.com/players/s/sensabr01.html
2023,29,Julian Strawther,https://www.basketball-reference.com/players/s/strawju01.html
2023,30,Kobe Brown,https://www.basketball-reference.com/players/b/brownko01.html
2023,31,James Nnaji,https://www.basketball-reference.com/players/n/nnajija01.html
2023,32,Jalen Pickett,https://www.basketball-reference.com/players/p/pickeja02.html
2023,33,Leonard Miller,https://www.basketball-reference.com/players/m/millele01.html
2023,34,Colby Jones,https://www.basketball-reference.com/players/j/jonesco02.html
2023,35,Julian Phillips,https://www.basketball-reference.com/players/p/phillju01.html
2023,36,Andre Jackson Jr.,https://www.basketball-reference.com/players/j/jacksan01.html
2023,37,Hunter Tyson,https://www.basketball-reference.com/players/t/tysonhu01.html
2023,38,Jordan Walsh,https://www.basketball-reference.com/players/w/walshjo01.html
2023,39,Mouhamed Gueye,https://www.basketball-reference.com/players/g/gueyemo02.html
2023,40,Maxwell Lewis,https://www.basketball-reference.com/players/l/lewisma05.html
2023,41,Amari Bailey,https://www.basketball-reference.com/players/b/baileam01.html
2023,42,Tristan Vukcevic,https://www.basketball-reference.com/players/v/vukcetr01.html
2023,43,Rayan Rupert,https://www.basketball-reference.com/players/r/ruperra01.html
2023,44,Sidy Cissoko,https://www.basketball-reference.com/players/c/cissosi01.html
2023,45,GG Jackson II,https://www.basketball-reference.com/players/j/jacksgg01.html
2023,46,Seth Lundy,https://www.basketball-reference.com/players/l/lundyse01.html
2023,47,Mojave King,https://www.basketball-reference.com/players/k/kingmo01.html
2023,48,Jordan Miller,https://www.basketball-reference.com/players/m/millejo02.html
2023,49,Emoni Bates,https://www.basketball-reference.com/players/b/batesem01.html
2023,50,Keyontae Johnson,https://www.basketball-reference.com/players/j/johnske08.html
2023,51,Jalen Wilson,https://www.basketball-reference.com/players/w/wilsoja03.html
2023,52,Toumani Camara,https://www.basketball-reference.com/players/c/camarto01.html
2023,53,Jaylen Clark,https://www.basketball-reference.com/players/c/clarkja02.html
2023,54,Jalen Slawson,https://www.basketball-reference.com/players/s/slawsja01.html
2023,55,Isaiah Wong,https://www.basketball-reference.com/players/w/wongis01.html
2023,56,Tarik Biberovic,https://www.basketball-reference.com/players/b/biberta01.html
2023,57,Trayce Jackson-Davis,https://www.basketball-reference.com/players/j/jackstr02.html
2023,58,Chris Livingston,https://www.basketball-reference.com/players/l/livinch01.html
2024,1,Zaccharie Risacher,https://www.basketball-reference.com/players/r/risacza01.html
2024,2,Alex Sarr,https://www.basketball-reference.com/players/s/sarral01.html
2024,3,Reed Sheppard,https://www.basketball-reference.com/players/s/sheppre01.html
2024,4,Stephon Castle,https://www.basketball-reference.com/players/c/castlst01.html
2024,5,Ron Holland,https://www.basketball-reference.com/players/h/hollaro01.html
2024,6,Tidjane Salaün,https://www.basketball-reference.com/players/s/salauti01.html
2024,7,Donovan Clingan,https://www.basketball-reference.com/players/c/clingdo01.html
2024,8,Rob Dillingham,https://www.basketball-reference.com/players/d/dilliro01.html
2024,9,Zach Edey,https://www.basketball-reference.com/players/e/edeyza01.html
2024,10,Cody Williams,https://www.basketball-reference.com/players/w/willico04.html
2024,11,Matas Buzelis,https://www.basketball-reference.com/players/b/buzelma01.html
2024,12,Nikola Topić,https://www.basketball-reference.com/players/t/topicni01.html
2024,13,Devin Carter,https://www.basketball-reference.com/players/c/cartede02.html
2024,14,Bub Carrington,https://www.basketball-reference.com/players/c/carrica01.html
2024,15,Kel'el Ware,https://www.basketball-reference.com/players/w/wareke01.html
2024,16,Jared McCain,https://www.basketball-reference.com/players/m/mccaija01.html
2024,17,Dalton Knecht,https://www.basketball-reference.com/players/k/knechda01.html
2024,18,Tristan Da Silva,https://www.basketball-reference.com/players/d/dasiltr01.html
2024,19,Ja'Kobe Walter,https://www.basketball-reference.com/players/w/walteja01.html
2024,20,Jaylon Tyson,https://www.basketball-reference.com/players/t/tysonja01.html
2024,21,Yves Missi,https://www.basketball-reference.com/players/m/missiyv01.html
2024,22,DaRon Holmes,https://www.basketball-reference.com/players/h/holmeda01.html
2024,23,AJ Johnson,https://www.basketball-reference.com/players/j/johnsaj01.html
2024,24,Kyshawn George,https://www.basketball-reference.com/players/g/georgky01.html
2024,25,Pacome Dadiet,https://www.basketball-reference.com/players/d/dadiepa01.html
2024,26,Dillon Jones,https://www.basketball-reference.com/players/j/jonesdi01.html
2024,27,Terrence Shannon Jr.,https://www.basketball-reference.com/players/s/shannte01.html
2024,28,Ryan Dunn,https://www.basketball-reference.com/players/d/dunnry01.html
2024,29,Isaiah Collier,https://www.basketball-reference.com/players/c/colliis01.html
2024,30,Baylor Scheierman,https://www.basketball-reference.com/players/s/scheiba01.html
2024,31,Jonathan Mogbo,https://www.basketball-reference.com/players/m/mogbojo01.html
2024,32,Kyle Filipowski,https://www.basketball-reference.com/players/f/filipky01.html
2024,33,Tyler Smith,https://www.basketball-reference.com/players/s/smithty02.html
2024,34,Tyler Kolek,https://www.basketball-reference.com/players/k/kolekty01.html
2024,35,Johnny Furphy,https://www.basketball-reference.com/players/f/furphjo01.html
2024,36,Juan Nunez,https://www.basketball-reference.com/players/n/nunezju01.html
2024,37,Bobi Klintman,https://www.basketball-reference.com/players/k/klintbo01.html
2024,38,Ajay Mitchell,https://www.basketball-reference.com/players/m/mitchaj01.html
2024,39,Jaylen Wells,https://www.basketball-reference.com/players/w/wellsja01.html
2024,40,Oso Ighodaro,https://www.basketball-reference.com/players/i/ighodos01.html
2024,41,Adem Bona,https://www.basketball-reference.com/players/b/bonaad01.html
2024,42,KJ Simpson,https://www.basketball-reference.com/players/s/simpskj01.html
2024,43,Nikola Djurisic,https://www.basketball-reference.com/players/d/djurini01.html
2024,44,Pelle Larsson,https://www.basketball-reference.com/players/l/larsspe01.html
2024,45,Jamal Shead,https://www.basketball-reference.com/players/s/sheadja01.html
2024,46,Cam Christie,https://www.basketball-reference.com/players/c/chrisca02.html
2024,47,Antonio Reeves,https://www.basketball-reference.com/players/r/reevean01.html
2024,48,Harrison Ingram,https://www.basketball-reference.com/players/i/ingraha01.html
2024,49,Tristen Newton,https://www.basketball-reference.com/players/n/newtotr01.html
2024,50,Enrique Freeman,https://www.basketball-reference.com/players/f/freemen01.html
2024,51,Melvin Ajinça,https://www.basketball-reference.com/players/a/ajincme01.html
2024,52,Quinten Post,https://www.basketball-reference.com/players/p/postqu01.html
2024,53,Cam Spencer,https://www.basketball-reference.com/players/s/spencca01.html
2024,54,Anton Watson,https://www.basketball-reference.com/players/w/watsoan02.html
2024,55,Bronny James,https://www.basketball-reference.com/players/j/jamesbr02.html
2024,56,Kevin McCullar Jr.,https://www.basketball-reference.com/players/m/mcculke01.html
2024,57,Ulrich Chomche,https://www.basketball-reference.com/players/c/chomcul01.html
2024,58,Ariel Hukporti,https://www.basketball-reference.com/players/h/hukpoar01.html
2025,1,Cooper Flagg,https://www.basketball-reference.com/players/f/flaggco01.html
2025,2,Dylan Harper,https://www.basketball-reference.com/players/h/harpedy01.html
2025,3,VJ Edgecombe,https://www.basketball-reference.com/players/e/edgecvj01.html
2025,4,Kon Knueppel,https://www.basketball-reference.com/players/k/knuepko01.html
2025,5,Ace Bailey,https://www.basketball-reference.com/players/b/baileac01.html
2025,6,Tre Johnson,https://www.basketball-reference.com/players/j/johnstr03.html
2025,7,Jeremiah Fears,https://www.basketball-reference.com/players/f/fearsje01.html
2025,8,Egor Dёmin,https://www.basketball-reference.com/players/d/demineg01.html
2025,9,Collin Murray-Boyles,https://www.basketball-reference.com/players/m/murraco01.html
2025,10,Khaman Maluach,https://www.basketball-reference.com/players/m/maluakh01.html
2025,11,Cedric Coward,https://www.basketball-reference.com/players/c/cowarce01.html
2025,12,Noa Essengue,https://www.basketball-reference.com/players/e/essenno01.html
2025,13,Derik Queen,https://www.basketball-reference.com/players/q/queende01.html
2025,14,Carter Bryant,https://www.basketball-reference.com/players/b/bryanca01.html
2025,15,Thomas Sorber,https://www.basketball-reference.com/players/s/sorbeth01.html
2025,16,Yang Hansen,https://www.basketball-reference.com/players/y/yangha01.html
2025,17,Joan Beringer,https://www.basketball-reference.com/players/b/berinjo01.html
2025,18,Walter Clayton,https://www.basketball-reference.com/players/c/claytwa01.html
2025,19,Nolan Traoré,https://www.basketball-reference.com/players/t/traorno01.html
2025,20,Kasparas Jakučionis,https://www.basketball-reference.com/players/j/jakucka01.html
2025,21,Will Riley,https://www.basketball-reference.com/players/r/rileywi01.html
2025,22,Drake Powell,https://www.basketball-reference.com/players/p/poweldr01.html
2025,23,Asa Newell,https://www.basketball-reference.com/players/n/newelas01.html
2025,24,Nique Clifford,https://www.basketball-reference.com/players/c/cliffni01.html
2025,25,Jase Richardson,https://www.basketball-reference.com/players/r/richaja02.html
2025,26,Ben Saraf,https://www.basketball-reference.com/players/s/sarafbe01.html
2025,27,Danny Wolf,https://www.basketball-reference.com/players/w/wolfda01.html
2025,28,Hugo González,https://www.basketball-reference.com/players/g/gonzahu01.html
2025,29,Liam McNeeley,https://www.basketball-reference.com/players/m/mcneeli01.html
2025,30,Yanic Konan Niederhäuser,https://www.basketball-reference.com/players/k/konanya01.html
2025,31,Rasheer Fleming,https://www.basketball-reference.com/players/f/flemira01.html
2025,32,Noah Penda,https://www.basketball-reference.com/players/p/pendano01.html
2025,33,Sion James,https://www.basketball-reference.com/players/j/jamessi01.html
2025,34,Ryan Kalkbrenner,https://www.basketball-reference.com/players/k/kalkbry01.html
2025,35,Johni Broome,https://www.basketball-reference.com/players/b/broomjo01.html
2025,36,Adou Thiero,https://www.basketball-reference.com/players/t/thierad01.html
2025,37,Chaz Lanier,https://www.basketball-reference.com/players/l/laniech01.html
2025,38,Kam Jones,https://www.basketball-reference.com/players/j/joneska03.html
2025,39,Alijah Martin,https://www.basketball-reference.com/players/m/martial01.html
2025,40,Micah Peavy,https://www.basketball-reference.com/players/p/peavymi01.html
2025,41,Koby Brea,https://www.basketball-reference.com/players/b/breako01.html
2025,42,Maxime Raynaud,https://www.basketball-reference.com/players/r/raynama01.html
2025,43,Jamir Watkins,https://www.basketball-reference.com/players/w/watkija01.html
2025,44,Brooks Barnhizer,https://www.basketball-reference.com/players/b/barnhbr01.html
2025,45,Rocco Zikarsky,https://www.basketball-reference.com/players/z/zikarro01.html
2025,46,Amari Williams,https://www.basketball-reference.com/players/w/william01.html
2025,47,Bogoljub Markovic,https://www.basketball-reference.com/players/m/markobo01.html
2025,48,Javon Small,https://www.basketball-reference.com/players/s/smallja01.html
2025,49,Tyrese Proctor,https://www.basketball-reference.com/players/p/proctty01.html
2025,50,Kobe Sanders,https://www.basketball-reference.com/players/s/sandeko01.html
2025,51,Mohamed Diawara,https://www.basketball-reference.com/players/d/diawamo01.html
2025,52,Alex Toohey,https://www.basketball-reference.com/players/t/tooheal01.html
2025,53,John Tonje,https://www.basketball-reference.com/players/t/tonjejo01.html
2025,54,Taelon Peter,https://www.basketball-reference.com/players/p/peterta01.html
2025,55,Lachlan Olbrich,https://www.basketball-reference.com/players/o/olbrila01.html
2025,56,Will Richard,https://www.basketball-reference.com/players/r/richawi02.html
2025,57,Max Shulga,https://www.basketball-reference.com/players/s/shulgma01.html
2025,58,Saliou Niang,https://www.basketball-reference.com/players/n/niangsa01.html
2025,59,Jahmai Mashack,https://www.basketball-reference.com/players/m/mashaja01.html
