year,pick,player_name,player_name_lower
2008,1,Derrick Rose,derrick rose
2008,2,Michael Beasley,michael beasley
2008,3,O.J. Mayo,o.j. mayo
2008,4,Russell Westbrook,russell westbrook
2008,5,Kevin Love,kevin love
2008,6,Danilo Gallinari,danilo gallinari
2008,7,Eric Gordon,eric gordon
2008,8,Joe Alexander,joe alexander
2008,9,D.J. Augustin,d.j. augustin
2008,10,Brook Lopez,brook lopez
2008,11,Jerryd Bayless,jerryd bayless
2008,12,Jason Thompson,jason thompson
2008,13,Brandon Rush,brandon rush
2008,14,Anthony Randolph,anthony randolph
2008,15,Robin Lopez,robin lopez
2008,16,Marreese Speights,marreese speights
2008,17,Roy Hibbert,roy hibbert
2008,18,JaVale McGee,javale mcgee
2008,19,JJ Hickson,jj hickson
2008,20,Alexis Ajinca,alexis ajinca
2008,21,Ryan Anderson,ryan anderson
2008,22,Courtney Lee,courtney lee
2008,23,Kosta Koufos,kosta koufos
2008,24,Serge Ibaka,serge ibaka
2008,25,Nicolas Batum,nicolas batum
2008,26,George Hill,george hill
2008,27,Darrell Arthur,darrell arthur
2008,28,Donte Green,donte green
2008,29,D.J. White,d.j. white
2008,30,J.R. Giddens,j.r. giddens
2008,31,Nikola Pekovic,nikola pekovic
2008,32,Walter Sharpe,walter sharpe
2008,33,Joey Dorsey,joey dorsey
2008,34,Mario Chalmers,mario chalmers
2008,35,DeAndre Jordan,deandre jordan
2008,36,Omer Asik,omer asik
2008,37,Luc Mbah a Moute,luc mbah a moute
2008,38,Kyle Weaver,kyle weaver
2008,39,Sonny Weems,sonny weems
2008,40,Chris Douglas-Roberts,chris douglas-roberts
2008,41,Nathan Jawai,nathan jawai
2008,42,Sean Singletary,sean singletary
2008,43,Patrick Ewing Jr.,patrick ewing jr.
2008,44,Ante Tomic,ante tomic
2008,45,Goran Dragic,goran dragic
2008,46,Trent Plaisted,trent plaisted
2008,47,Bill Walker,bill walker
2008,48,Malik Hairston,malik hairston
2008,49,Richard Hendrix,richard hendrix
2008,50,DeVon Hardin,devon hardin
2008,51,Shan Foster,shan foster
2008,52,Darnell Jackson,darnell jackson
2008,53,Tadija Dragicevic,tadija dragicevic
2008,54,Maarty Leunen,maarty leunen
2008,55,Mike Taylor,mike taylor
2008,56,Sasha Kaun,sasha kaun
2008,57,James Gist,james gist
2008,58,Joe Crawford,joe crawford
2008,59,Deron Washington,deron washington
2008,60,Semih Erden,semih erden
2009,1,Blake Griffin,blake griffin
2009,2,Hasheem Thabeet,hasheem thabeet
2009,3,James Harden,james harden
2009,4,Tyreke Evans,tyreke evans
2009,5,Ricky Rubio,ricky rubio
2009,6,Jonny Flynn,jonny flynn
2009,7,Stephen Curry,stephen curry
2009,8,Jordan Hill,jordan hill
2009,9,DeMar DeRozan,demar derozan
2009,10,Brandon Jennings,brandon jennings
2009,11,Terrence Williams,terrence williams
2009,12,Gerald Henderson,gerald henderson
2009,13,Tyler Hansbrough,tyler hansbrough
2009,14,Earl Clark,earl clark
2009,15,Austin Daye,austin daye
2009,16,James Johnson,james johnson
2009,17,Jrue Holiday,jrue holiday
2009,18,Ty Lawson,ty lawson
2009,19,Jeff Teague,jeff teague
2009,20,Eric Maynor,eric maynor
2009,21,Darren Collison,darren collison
2009,22,Victor Claver,victor claver
2009,23,Omri Casspi,omri casspi
2009,24,Byron Mullens,byron mullens
2009,25,Rodrigue Beaubois,rodrigue beaubois
2009,26,Taj Gibson,taj gibson
2009,27,DeMarre Carroll,demarre carroll
2009,28,Wayne Ellington,wayne ellington
2009,29,Toney Douglas,toney douglas
2009,30,Christian Eyenga,christian eyenga
2009,31,Jeff Ayres,jeff ayres
2009,32,Jermaine Taylor,jermaine taylor
2009,33,Dante Cunningham,dante cunningham
2009,34,Sergio Llull,sergio llull
2009,35,DaJuan Summers,dajuan summers
2009,36,Sam Young,sam young
2009,37,DeJuan Blair,dejuan blair
2009,38,Jon Brockman,jon brockman
2009,39,Jonas Jerebko,jonas jerebko
2009,40,Derrick Brown,derrick brown
2009,41,Jodie Meeks,jodie meeks
2009,42,Patrick Beverley,patrick beverley
2009,43,Marcus Thornton,marcus thornton
2009,44,Chase Budinger,chase budinger
2009,45,Nick Calathes,nick calathes
2009,46,Danny Green,danny green
2009,47,Henk Norel,henk norel
2009,48,Taylor Griffin,taylor griffin
2009,49,Sergiy Gladyr,sergiy gladyr
2009,50,Goran Suton,goran suton
2009,51,Jack McClinton,jack mcclinton
2009,52,A.J. Price,a.j. price
2009,53,Nando de Colo,nando de colo
2009,54,Robert Vaden,robert vaden
2009,55,Patty Mills,patty mills
2009,56,Ahmad Nivins,ahmad nivins
2009,57,Emir Preldzic,emir preldzic
2009,58,Lester Hudson,lester hudson
2009,59,Chinemelu Elonu,chinemelu elonu
2009,60,Robert Dozier,robert dozier
2010,1,John Wall,john wall
2010,2,Evan Turner,evan turner
2010,3,Derrick Favors,derrick favors
2010,4,Wesley Johnson,wesley johnson
2010,5,DeMarcus Cousins,demarcus cousins
2010,6,Ekpe Udoh,ekpe udoh
2010,7,Greg Monroe,greg monroe
2010,8,Al-Farouq Aminu,al-farouq aminu
2010,9,Gordon Hayward,gordon hayward
2010,10,Paul George,paul george
2010,11,Cole Aldrich,cole aldrich
2010,12,Xavier Henry,xavier henry
2010,13,Ed Davis,ed davis
2010,14,Patrick Patterson,patrick patterson
2010,15,Larry Sanders,larry sanders
2010,16,Luke Babbitt,luke babbitt
2010,17,Kevin Seraphin,kevin seraphin
2010,18,Eric Bledsoe,eric bledsoe
2010,19,Avery Bradley,avery bradley
2010,20,James Anderson,james anderson
2010,21,Craig Brackins,craig brackins
2010,22,Elliot Williams,elliot williams
2010,23,Trevor Booker,trevor booker
2010,24,Damion James,damion james
2010,25,Dominique Jones,dominique jones
2010,26,Quincy Pondexter,quincy pondexter
2010,27,Jordan Crawford,jordan crawford
2010,28,Greivis Vasquez,greivis vasquez
2010,29,Daniel Orton,daniel orton
2010,30,Lazar Hayward,lazar hayward
2010,31,Tibor Pleiss,tibor pleiss
2010,32,Dexter Pittman,dexter pittman
2010,33,Hassan Whiteside,hassan whiteside
2010,34,Armon Johnson,armon johnson
2010,35,Nemanja Bjelica,nemanja bjelica
2010,36,Terrico White,terrico white
2010,37,Darington Hobson,darington hobson
2010,38,Andy Rautins,andy rautins
2010,39,Landry Fields,landry fields
2010,40,Lance Stephenson,lance stephenson
2010,41,Jarvis Varnado,jarvis varnado
2010,42,Da'Sean Butler,da'sean butler
2010,43,Devin Ebanks,devin ebanks
2010,44,Jerome Jordan,jerome jordan
2010,45,Paulao Prestes,paulao prestes
2010,46,Gani Lawal,gani lawal
2010,47,Tiny Gallon,tiny gallon
2010,48,Latavious Williams,latavious williams
2010,49,Ryan Richards,ryan richards
2010,50,Solomon Alabi,solomon alabi
2010,51,Magnum Rolle,magnum rolle
2010,52,Luke Harangody,luke harangody
2010,53,Pape Sy,pape sy
2010,54,Willie Warren,willie warren
2010,55,Jeremy Evans,jeremy evans
2010,56,Hamady N'Diaye,hamady n'diaye
2010,57,Ryan Reid,ryan reid
2010,58,Derrick Caracter,derrick caracter
2010,59,Stanley Robinson,stanley robinson
2010,60,Dwayne Collins,dwayne collins
2011,1,Kyrie Irving,kyrie irving
2011,2,Derrick Williams,derrick williams
2011,3,Enes Kanter,enes kanter
2011,4,Tristan Thompson,tristan thompson
2011,5,Jonas Valanciunas,jonas valanciunas
2011,6,Jan Vesely,jan vesely
2011,7,Bismack Biyombo,bismack biyombo
2011,8,Brandon Knight,brandon knight
2011,9,Kemba Walker,kemba walker
2011,10,Jimmer Fredette,jimmer fredette
2011,11,Klay Thompson,klay thompson
2011,12,Alec Burks,alec burks
2011,13,Markieff Morris,markieff morris
2011,14,Marcus Morris,marcus morris
2011,15,Kawhi Leonard,kawhi leonard
2011,16,Nikola Vucevic,nikola vucevic
2011,17,Iman Shumpert,iman shumpert
2011,18,Chris Singleton,chris singleton
2011,19,Tobias Harris,tobias harris
2011,20,Donatas Motiejunas,donatas motiejunas
2011,21,Nolan Smith,nolan smith
2011,22,Kenneth Faried,kenneth faried
2011,23,Nikola Mirotic,nikola mirotic
2011,24,Reggie Jackson,reggie jackson
2011,25,MarShon Brooks,marshon brooks
2011,26,Jordan Hamilton,jordan hamilton
2011,27,JaJuan Johnson,jajuan johnson
2011,28,Norris Cole,norris cole
2011,29,Cory Joseph,cory joseph
2011,30,Jimmy Butler,jimmy butler
2011,31,Bojan Bogdanovic,bojan bogdanovic
2011,32,Justin Harper,justin harper
2011,33,Kyle Singler,kyle singler
2011,34,Shelvin Mack,shelvin mack
2011,35,Tyler Honeycutt,tyler honeycutt
2011,36,Jordan Williams,jordan williams
2011,37,Trey Thompkins,trey thompkins
2011,38,Chandler Parsons,chandler parsons
2011,39,Jeremy Tyler,jeremy tyler
2011,40,Jon Leuer,jon leuer
2011,41,Darius Morris,darius morris
2011,42,Davis Bertans,davis bertans
2011,43,Malcolm Lee,malcolm lee
2011,44,Charles Jenkins,charles jenkins
2011,45,Josh Harrellson,josh harrellson
2011,46,Andrew Goudelock,andrew goudelock
2011,47,Travis Leslie,travis leslie
2011,48,Keith Benson,keith benson
2011,49,Josh Selby,josh selby
2011,50,Lavoy Allen,lavoy allen
2011,51,Jon Diebler,jon diebler
2011,52,Vernon Macklin,vernon macklin
2011,53,DeAndre Liggins,deandre liggins
2011,54,Milan Macvan,milan macvan
2011,55,E'Twaun Moore,e'twaun moore
2011,56,Chu Maduabum,chu maduabum
2011,57,Tanguy Ngombo,tanguy ngombo
2011,58,Ater Majok,ater majok
2011,59,Adam Hanga,adam hanga
2011,60,Isaiah Thomas,isaiah thomas
2012,1,Anthony Davis,anthony davis
2012,2,Michael Kidd-Gilchrist,michael kidd-gilchrist
2012,3,Bradley Beal,bradley beal
2012,4,Dion Waiters,dion waiters
2012,5,Thomas Robinson,thomas robinson
2012,6,Damian Lillard,damian lillard
2012,7,Harrison Barnes,harrison barnes
2012,8,Terrence Ross,terrence ross
2012,9,Andre Drummond,andre drummond
2012,10,Austin Rivers,austin rivers
2012,11,Meyers Leonard,meyers leonard
2012,12,Jeremy Lamb,jeremy lamb
2012,13,Kendall Marshall,kendall marshall
2012,14,John Henson,john henson
2012,15,Maurice Harkless,maurice harkless
2012,16,Royce White,royce white
2012,17,Tyler Zeller,tyler zeller
2012,18,Terrence Jones,terrence jones
2012,19,Andrew Nicholson,andrew nicholson
2012,20,Evan Fournier,evan fournier
2012,21,Jared Sullinger,jared sullinger
2012,22,Fab Melo,fab melo
2012,23,John Jenkins,john jenkins
2012,24,Jared Cunningham,jared cunningham
2012,25,Tony Wroten,tony wroten
2012,26,Miles Plumlee,miles plumlee
2012,27,Arnett Moultrie,arnett moultrie
2012,28,Perry Jones,perry jones
2012,29,Marquis Teague,marquis teague
2012,30,Festus Ezeli,festus ezeli
2012,31,Jeffery Taylor,jeffery taylor
2012,32,Tomas Satoransky,tomas satoransky
2012,33,Bernard James,bernard james
2012,34,Jae Crowder,jae crowder
2012,35,Draymond Green,draymond green
2012,36,Orlando Johnson,orlando johnson
2012,37,Quincy Acy,quincy acy
2012,38,Quincy Miller,quincy miller
2012,39,Khris Middleton,khris middleton
2012,40,Will Barton,will barton
2012,41,Tyshawn Taylor,tyshawn taylor
2012,42,Doron Lamb,doron lamb
2012,43,Mike Scott,mike scott
2012,44,Kim English,kim english
2012,45,Justin Hamilton,justin hamilton
2012,46,Darius Miller,darius miller
2012,47,Kevin Murphy,kevin murphy
2012,48,Kostas Papanikolaou,kostas papanikolaou
2012,49,Kyle O'Quinn,kyle o'quinn
2012,50,Izzet Turkyilmaz,izzet turkyilmaz
2012,51,Kris Joseph,kris joseph
2012,52,Ognjen Kuzmic,ognjen kuzmic
2012,53,Furkan Aldemir,furkan aldemir
2012,54,Tornike Shengelia,tornike shengelia
2012,55,Darius Johnson-Odom,darius johnson-odom
2012,56,Tomislav Zubcic,tomislav zubcic
2012,57,Ilkan Karaman,ilkan karaman
2012,58,Robbie Hummel,robbie hummel
2012,59,Marcus Denmon,marcus denmon
2012,60,Robert Sacre,robert sacre
2013,1,Anthony Bennett,anthony bennett
2013,2,Victor Oladipo,victor oladipo
2013,3,Otto Porter,otto porter
2013,4,Cody Zeller,cody zeller
2013,5,Alex Len,alex len
2013,6,Nerlens Noel,nerlens noel
2013,7,Ben McLemore,ben mclemore
2013,8,Kentavi. Caldwell-Pope,kentavi. caldwell-pope
2013,9,Trey Burke,trey burke
2013,10,CJ McCollum,cj mccollum
2013,11,Micha. Carter-Williams,micha. carter-williams
2013,12,Steven Adams,steven adams
2013,13,Kelly Olynyk,kelly olynyk
2013,14,Shabazz Muhammad,shabazz muhammad
2013,15,Giannis Antetokounmpo,giannis antetokounmpo
2013,16,Lucas Nogueira,lucas nogueira
2013,17,Dennis Schroder,dennis schroder
2013,18,Shane Larkin,shane larkin
2013,19,Sergey Karasev,sergey karasev
2013,20,Tony Snell,tony snell
2013,21,Gorgui Dieng,gorgui dieng
2013,22,Mason Plumlee,mason plumlee
2013,23,Solomon Hill,solomon hill
2013,24,Tim Hardaway Jr.,tim hardaway jr.
2013,25,Reggie Bullock,reggie bullock
2013,26,Andre Roberson,andre roberson
2013,27,Rudy Gobert,rudy gobert
2013,28,Livio Jean-Charles,livio jean-charles
2013,29,Archie Goodwin,archie goodwin
2013,30,Nemanja Nedovic,nemanja nedovic
2013,31,Allen Crabbe,allen crabbe
2013,32,Alex Abrines,alex abrines
2013,33,Carrick Felix,carrick felix
2013,34,Isaiah Canaan,isaiah canaan
2013,35,Glen Rice Jr.,glen rice jr.
2013,36,Ray McCallum Jr.,ray mccallum jr.
2013,37,Tony Mitchell,tony mitchell
2013,38,Nate Wolters,nate wolters
2013,39,Jeff Withey,jeff withey
2013,40,Grant Jerrett,grant jerrett
2013,41,Jamaal Franklin,jamaal franklin
2013,42,Pierre Jackson,pierre jackson
2013,43,Ricky Ledo,ricky ledo
2013,44,Mike Muscala,mike muscala
2013,45,Marko Todorovic,marko todorovic
2013,46,Erick Green,erick green
2013,47,Raul Neto,raul neto
2013,48,Ryan Kelly,ryan kelly
2013,49,Erik Murphy,erik murphy
2013,50,James Ennis,james ennis
2013,51,Romero Osby,romero osby
2013,52,Lorenzo Brown,lorenzo brown
2013,53,Colton Iverson,colton iverson
2013,54,Arsalan Kazemi,arsalan kazemi
2013,55,Joffrey Lauvergne,joffrey lauvergne
2013,56,Peyton Siva,peyton siva
2013,57,Alex Oriakhi,alex oriakhi
2013,58,Deshaun Thomas,deshaun thomas
2013,59,Bojan Dubljevic,bojan dubljevic
2013,60,Janis Timma,janis timma
2014,1,Andrew Wiggins,andrew wiggins
2014,2,Jabari Parker,jabari parker
2014,3,Joel Embiid,joel embiid
2014,4,Aaron Gordon,aaron gordon
2014,5,Dante Exum,dante exum
2014,6,Marcus Smart,marcus smart
2014,7,Julius Randle,julius randle
2014,8,Nik Stauskas,nik stauskas
2014,9,Noah Vonleh,noah vonleh
2014,10,Elfrid Payton,elfrid payton
2014,11,Doug McDermott,doug mcdermott
2014,12,Dario Saric,dario saric
2014,13,Zach LaVine,zach lavine
2014,14,T.J. Warren,t.j. warren
2014,15,Adreian Payne,adreian payne
2014,16,Jusuf Nurkic,jusuf nurkic
2014,17,James Young,james young
2014,18,Tyler Ennis,tyler ennis
2014,19,Gary Harris,gary harris
2014,20,Bruno Caboclo,bruno caboclo
2014,21,Mitch McGary,mitch mcgary
2014,22,Jordan Adams,jordan adams
2014,23,Rodney Hood,rodney hood
2014,24,Shabazz Napier,shabazz napier
2014,25,Clint Capela,clint capela
2014,26,P.J. Hairston,p.j. hairston
2014,27,Bogdan Bogdanovic,bogdan bogdanovic
2014,28,C.J. Wilcox,c.j. wilcox
2014,29,Josh Huestis,josh huestis
2014,30,Kyle Anderson,kyle anderson
2014,31,Damien Inglis,damien inglis
2014,32,K.J. McDaniels,k.j. mcdaniels
2014,33,Joe Harris,joe harris
2014,34,Cleanthony Early,cleanthony early
2014,35,Jarnell Stokes,jarnell stokes
2014,36,Johnny O'Bryant,johnny o'bryant
2014,37,DeAndre Daniels,deandre daniels
2014,38,Spencer Dinwiddie,spencer dinwiddie
2014,39,Jerami Grant,jerami grant
2014,40,Glenn Robinson III,glenn robinson iii
2014,41,Nikola Jokic,nikola jokic
2014,42,Nick Johnson,nick johnson
2014,43,Walter Tavares,walter tavares
2014,44,Markel Brown,markel brown
2014,45,Dwight Powell,dwight powell
2014,46,Jordan Clarkson,jordan clarkson
2014,47,Russ Smith,russ smith
2014,48,Lamar Patterson,lamar patterson
2014,49,Cameron Bairstow,cameron bairstow
2014,50,Alec Brown,alec brown
2014,51,Thanasis Antetokounmpo,thanasis antetokounmpo
2014,52,Vasilije Micic,vasilije micic
2014,53,Alessandro Gentile,alessandro gentile
2014,54,Nemanja Dangubic,nemanja dangubic
2014,55,Semaj Christon,semaj christon
2014,56,Devyn Marble,devyn marble
2014,57,Louis Labeyrie,louis labeyrie
2014,58,Jordan McRae,jordan mcrae
2014,59,Xavier Thames,xavier thames
2014,60,Cory Jefferson,cory jefferson
2015,1,Karl-Anthony Towns,karl-anthony towns
2015,2,D'Angelo Russell,d'angelo russell
2015,3,Jahlil Okafor,jahlil okafor
2015,4,Kristaps Porzingis,kristaps porzingis
2015,5,Mario Hezonja,mario hezonja
2015,6,Willie Cauley-Stein,willie cauley-stein
2015,7,Emmanuel Mudiay,emmanuel mudiay
2015,8,Stanley Johnson,stanley johnson
2015,9,Frank Kaminsky,frank kaminsky
2015,10,Justise Winslow,justise winslow
2015,11,Myles Turner,myles turner
2015,12,Trey Lyles,trey lyles
2015,13,Devin Booker,devin booker
2015,14,Cameron Payne,cameron payne
2015,15,Kelly Oubre,kelly oubre
2015,16,Terry Rozier,terry rozier
2015,17,Rashad Vaughn,rashad vaughn
2015,18,Sam Dekker,sam dekker
2015,19,Jerian Grant,jerian grant
2015,20,Delon Wright,delon wright
2015,21,Justin Anderson,justin anderson
2015,22,Bobby Portis,bobby portis
2015,23,Rond. Hollis-Jefferson,rond. hollis-jefferson
2015,24,Tyus Jones,tyus jones
2015,25,Jarell Martin,jarell martin
2015,26,Nikola Milutinov,nikola milutinov
2015,27,Larry Nance Jr.,larry nance jr.
2015,28,R.J. Hunter,r.j. hunter
2015,29,Chris McCullough,chris mccullough
2015,30,Kevon Looney,kevon looney
2015,31,Cedi Osman,cedi osman
2015,32,Montrezl Harrell,montrezl harrell
2015,33,Jordan Mickey,jordan mickey
2015,34,Anthony Brown,anthony brown
2015,35,Willy Hernangomez,willy hernangomez
2015,36,Rakeem Christmas,rakeem christmas
2015,37,Richaun Holmes,richaun holmes
2015,38,Darrun Hilliard,darrun hilliard
2015,39,Juan Pablo Vaulet,juan pablo vaulet
2015,40,Josh Richardson,josh richardson
2015,41,Pat Connaughton,pat connaughton
2015,42,Olivier Hanlan,olivier hanlan
2015,43,Joe Young,joe young
2015,44,Andrew Harrison,andrew harrison
2015,45,Marcus Thornton (W&M),marcus thornton (w&m)
2015,46,Norman Powell,norman powell
2015,47,Arturas Gudaitis,arturas gudaitis
2015,48,Dakari Johnson,dakari johnson
2015,49,Aaron White,aaron white
2015,50,Marcus Eriksson,marcus eriksson
2015,51,Tyler Harvey,tyler harvey
2015,52,Satnam Singh,satnam singh
2015,53,Sir'Dominic Pointer,sir'dominic pointer
2015,54,Dani Diez,dani diez
2015,55,Cady Lalanne,cady lalanne
2015,56,Branden Dawson,branden dawson
2015,57,Nikola Radicevic,nikola radicevic
2015,58,J.P. Tokoto,j.p. tokoto
2015,59,Dimitrios Agravanis,dimitrios agravanis
2015,60,Luka Mitrovic,luka mitrovic
2016,1,Ben Simmons,ben simmons
2016,2,Brandon Ingram,brandon ingram
2016,3,Jaylen Brown,jaylen brown
2016,4,Dragan Bender,dragan bender
2016,5,Kris Dunn,kris dunn
2016,6,Buddy Hield,buddy hield
2016,7,Jamal Murray,jamal murray
2016,8,Marquese Chriss,marquese chriss
2016,9,Jakob Poeltl,jakob poeltl
2016,10,Thon Maker,thon maker
2016,11,Domantas Sabonis,domantas sabonis
2016,12,Taurean Prince,taurean prince
2016,13,Georgios Papagiannis,georgios papagiannis
2016,14,Denzel Valentine,denzel valentine
2016,15,Juan Hernangomez,juan hernangomez
2016,16,Guerschon Yabusele,guerschon yabusele
2016,17,Wade Baldwin IV,wade baldwin iv
2016,18,Henry Ellenson,henry ellenson
2016,19,Malik Beasley,malik beasley
2016,20,Caris LeVert,caris levert
2016,21,DeAndre' Bembry,deandre' bembry
2016,22,Malachi Richardson,malachi richardson
2016,23,Ante Zizic,ante zizic
2016,24,Timot. Luwawu-Cabarrot,timot. luwawu-cabarrot
2016,25,Brice Johnson,brice johnson
2016,26,Furkan Korkmaz,furkan korkmaz
2016,27,Pascal Siakam,pascal siakam
2016,28,Skal Labissiere,skal labissiere
2016,29,Dejounte Murray,dejounte murray
2016,30,Damian Jones,damian jones
2016,31,Deyonta Davis,deyonta davis
2016,32,Ivica Zubac,ivica zubac
2016,33,Cheick Diallo,cheick diallo
2016,34,Tyler Ulis,tyler ulis
2016,35,Rade Zagorac,rade zagorac
2016,36,Malcolm Brogdon,malcolm brogdon
2016,37,Chinanu Onuaku,chinanu onuaku
2016,38,Patrick McCaw,patrick mccaw
2016,39,David Michineau,david michineau
2016,40,Diamond Stone,diamond stone
2016,41,Stephen Zimmerman,stephen zimmerman
2016,42,Isaiah Whitehead,isaiah whitehead
2016,43,Zhou Qi,zhou qi
2016,44,Isaia Cordinier,isaia cordinier
2016,45,Demetrius Jackson,demetrius jackson
2016,46,A.J. Hammons,a.j. hammons
2016,47,Jake Layman,jake layman
2016,48,Paul Zipser,paul zipser
2016,49,Michael Gbinije,michael gbinije
2016,50,Georges Niang,georges niang
2016,51,Ben Bentil,ben bentil
2016,52,Joel Bolomboy,joel bolomboy
2016,53,Petr Cornelie,petr cornelie
2016,54,Kay Felder,kay felder
2016,55,Marcus Paige,marcus paige
2016,56,Daniel Hamilton,daniel hamilton
2016,57,Wang Zhelin,wang zhelin
2016,58,Abdel Nader,abdel nader
2016,59,Isaiah Cousins,isaiah cousins
2016,60,Tyrone Wallace,tyrone wallace
2017,1,Markelle Fultz,markelle fultz
2017,2,Lonzo Ball,lonzo ball
2017,3,Jayson Tatum,jayson tatum
2017,4,Josh Jackson,josh jackson
2017,5,De'Aaron Fox,de'aaron fox
2017,6,Jonathan Isaac,jonathan isaac
2017,7,Lauri Markkanen,lauri markkanen
2017,8,Frank Ntilikina,frank ntilikina
2017,9,Dennis Smith,dennis smith
2017,10,Zach Collins,zach collins
2017,11,Malik Monk,malik monk
2017,12,Luke Kennard,luke kennard
2017,13,Donovan Mitchell,donovan mitchell
2017,14,Bam Adebayo,bam adebayo
2017,15,Justin Jackson,justin jackson
2017,16,Justin Patton,justin patton
2017,17,D.J. Wilson,d.j. wilson
2017,18,TJ Leaf,tj leaf
2017,19,John Collins,john collins
2017,20,Harry Giles,harry giles
2017,21,Terrance Ferguson,terrance ferguson
2017,22,Jarrett Allen,jarrett allen
2017,23,O.G. Anunoby,o.g. anunoby
2017,24,Tyler Lydon,tyler lydon
2017,25,Anzejs Pasecniks,anzejs pasecniks
2017,26,Caleb Swanigan,caleb swanigan
2017,27,Kyle Kuzma,kyle kuzma
2017,28,Tony Bradley,tony bradley
2017,29,Derrick White,derrick white
2017,30,Josh Hart,josh hart
2017,31,Frank Jackson,frank jackson
2017,32,Davon Reed,davon reed
2017,33,Wesley Iwundu,wesley iwundu
2017,34,Frank Mason,frank mason
2017,35,Ivan Rabb,ivan rabb
2017,36,Jonah Bolden,jonah bolden
2017,37,Semi Ojeleye,semi ojeleye
2017,38,Jordan Bell,jordan bell
2017,39,Jawun Evans,jawun evans
2017,40,Dwayne Bacon,dwayne bacon
2017,41,Tyler Dorsey,tyler dorsey
2017,42,Thomas Bryant,thomas bryant
2017,43,Isaiah Hartenstein,isaiah hartenstein
2017,44,Damyean Dotson,damyean dotson
2017,45,Dillon Brooks,dillon brooks
2017,46,Sterling Brown,sterling brown
2017,47,Ike Anigbogu,ike anigbogu
2017,48,Sindarius Thornwell,sindarius thornwell
2017,49,Vlatko Cancar,vlatko cancar
2017,50,Mathias Lessort,mathias lessort
2017,51,Monte Morris,monte morris
2017,52,Edmond Sumner,edmond sumner
2017,53,Kadeem Allen,kadeem allen
2017,54,Alec Peters,alec peters
2017,55,Nigel Williams-Goss,nigel williams-goss
2017,56,Jabari Bird,jabari bird
2017,57,Sasha Vezenkov,sasha vezenkov
2017,58,Ognjen Jaramaz,ognjen jaramaz
2017,59,Jaron Blossomgame,jaron blossomgame
2017,60,Alpha Kaba,alpha kaba
2018,1,DeAndre Ayton,deandre ayton
2018,2,Marvin Bagley,marvin bagley
2018,3,Luka Doncic,luka doncic
2018,4,Jaren Jackson Jr.,jaren jackson jr.
2018,5,Trae Young,trae young
2018,6,Mohamed Bamba,mohamed bamba
2018,7,Wendell Carter,wendell carter
2018,8,Collin Sexton,collin sexton
2018,9,Kevin Knox,kevin knox
2018,10,Mikal Bridges,mikal bridges
2018,11,Sh. Gilgeous-Alexander,sh. gilgeous-alexander
2018,12,Miles Bridges,miles bridges
2018,13,Jerome Robinson,jerome robinson
2018,14,Michael Porter,michael porter
2018,15,Troy Brown,troy brown
2018,16,Zhaire Smith,zhaire smith
2018,17,Donte DiVincenzo,donte divincenzo
2018,18,Lonnie Walker,lonnie walker
2018,19,Kevin Huerter,kevin huerter
2018,20,Josh Okogie,josh okogie
2018,21,Grayson Allen,grayson allen
2018,22,Chandler Hutchison,chandler hutchison
2018,23,Aaron Holiday,aaron holiday
2018,24,Anfernee Simons,anfernee simons
2018,25,Moritz Wagner,moritz wagner
2018,26,Landry Shamet,landry shamet
2018,27,Robert Williams,robert williams
2018,28,Jacob Evans,jacob evans
2018,29,Dzanan Musa,dzanan musa
2018,30,Omari Spellman,omari spellman
2018,31,Elie Okobo,elie okobo
2018,32,Jevon Carter,jevon carter
2018,33,Jalen Brunson,jalen brunson
2018,34,Devonte' Graham,devonte' graham
2018,35,Melvin Frazier,melvin frazier
2018,36,Mitchell Robinson,mitchell robinson
2018,37,Gary Trent Jr.,gary trent jr.
2018,38,Khyri Thomas,khyri thomas
2018,39,Isaac Bonga,isaac bonga
2018,40,Rodions Kurucs,rodions kurucs
2018,41,Jarred Vanderbilt,jarred vanderbilt
2018,42,Bruce Brown,bruce brown
2018,43,Justin Jackson (UMD),justin jackson (umd)
2018,44,Issuf Sanon,issuf sanon
2018,45,Hamidou Diallo,hamidou diallo
2018,46,De'Anthony Melton,de'anthony melton
2018,47,Sviatoslav Mykhailiuk,sviatoslav mykhailiuk
2018,48,Keita Bates-Diop,keita bates-diop
2018,49,Chimezie Metu,chimezie metu
2018,50,Alize Johnson,alize johnson
2018,51,Tony Carr,tony carr
2018,52,Vince Edwards,vince edwards
2018,53,Devon Hall,devon hall
2018,54,Shake Milton,shake milton
2018,55,Arnoldas Kulboka,arnoldas kulboka
2018,56,Ray Spalding,ray spalding
2018,57,Kevin Hervey,kevin hervey
2018,58,Thomas Welsh,thomas welsh
2018,59,George King,george king
2018,60,Kostas Antetokounmpo,kostas antetokounmpo
2019,1,Zion Williamson,zion williamson
2019,2,Ja Morant,ja morant
2019,3,R.J. Barrett,r.j. barrett
2019,4,De'Andre Hunter,de'andre hunter
2019,5,Darius Garland,darius garland
2019,6,Jarrett Culver,jarrett culver
2019,7,Coby White,coby white
2019,8,Jaxson Hayes,jaxson hayes
2019,9,Rui Hachimura,rui hachimura
2019,10,Cam Reddish,cam reddish
2019,11,Cameron Johnson,cameron johnson
2019,12,P.J. Washington,p.j. washington
2019,13,Tyler Herro,tyler herro
2019,14,Romeo Langford,romeo langford
2019,15,Sekou Doumbouya,sekou doumbouya
2019,16,Chuma Okeke,chuma okeke
2019,17,Nick. Alexander-Walker,nick. alexander-walker
2019,18,Goga Bitadze,goga bitadze
2019,19,Luka Samanic,luka samanic
2019,20,Matisse Thybulle,matisse thybulle
2019,21,Brandon Clarke,brandon clarke
2019,22,Grant Williams,grant williams
2019,23,Darius Bazley,darius bazley
2019,24,Ty Jerome,ty jerome
2019,25,Nassir Little,nassir little
2019,26,Dylan Windler,dylan windler
2019,27,Mfiondu Kabengele,mfiondu kabengele
2019,28,Jordan Poole,jordan poole
2019,29,Keldon Johnson,keldon johnson
2019,30,Kevin Porter Jr.,kevin porter jr.
2019,31,Nicolas Claxton,nicolas claxton
2019,32,KZ Okpala,kz okpala
2019,33,Carsen Edwards,carsen edwards
2019,34,Bruno Fernando,bruno fernando
2019,35,Didi Louzada Silva,didi louzada silva
2019,36,Cody Martin,cody martin
2019,37,Deividas Sirvydis,deividas sirvydis
2019,38,Daniel Gafford,daniel gafford
2019,39,Alen Smailagic,alen smailagic
2019,40,Justin James,justin james
2019,41,Eric Paschall,eric paschall
2019,42,Admiral Schofield,admiral schofield
2019,43,Jaylen Nowell,jaylen nowell
2019,44,Bol Bol,bol bol
2019,45,Isaiah Roby,isaiah roby
2019,46,Talen Horton-Tucker,talen horton-tucker
2019,47,Iggy Brazdeikis,iggy brazdeikis
2019,48,Terance Mann,terance mann
2019,49,Quinndary Weatherspoon,quinndary weatherspoon
2019,50,Jarrell Brantley,jarrell brantley
2019,51,Tremont Waters,tremont waters
2019,52,Jalen McDaniels,jalen mcdaniels
2019,53,Justin Wright-Foreman,justin wright-foreman
2019,54,Marial Shayok,marial shayok
2019,55,Kyle Guy,kyle guy
2019,56,Jaylen Hands,jaylen hands
2019,57,Jordan Bone,jordan bone
2019,58,Miye Oni,miye oni
2019,59,Dewan Hernandez,dewan hernandez
2019,60,Vanja Marinkovic,vanja marinkovic
2020,1,Anthony Edwards,anthony edwards
2020,2,James Wiseman,james wiseman
2020,3,LaMelo Ball,lamelo ball
2020,4,Patrick Williams,patrick williams
2020,5,Isaac Okoro,isaac okoro
2020,6,Onyeka Okongwu,onyeka okongwu
2020,7,Killian Hayes,killian hayes
2020,8,Obi Toppin,obi toppin
2020,9,Deni Avdija,deni avdija
2020,10,Jalen Smith,jalen smith
2020,11,Devin Vassell,devin vassell
2020,12,Tyrese Haliburton,tyrese haliburton
2020,13,Kira Lewis Jr.,kira lewis jr.
2020,14,Aaron Nesmith,aaron nesmith
2020,15,Cole Anthony,cole anthony
2020,16,Isaiah Stewart,isaiah stewart
2020,17,Aleksej Pokusevski,aleksej pokusevski
2020,18,Josh Green,josh green
2020,19,Saddiq Bey,saddiq bey
2020,20,Precious Achiuwa,precious achiuwa
2020,21,Tyrese Maxey,tyrese maxey
2020,22,Zeke Nnaji,zeke nnaji
2020,23,Leandro Bolmaro,leandro bolmaro
2020,24,RJ Hampton,rj hampton
2020,25,Immanuel Quickley,immanuel quickley
2020,26,Payton Pritchard,payton pritchard
2020,27,Udoka Azubuike,udoka azubuike
2020,28,Jaden McDaniels,jaden mcdaniels
2020,29,Malachi Flynn,malachi flynn
2020,30,Desmond Bane,desmond bane
2020,31,Tyrell Terry,tyrell terry
2020,32,Vernon Carey Jr.,vernon carey jr.
2020,33,Daniel Oturu,daniel oturu
2020,34,Theo Maledon,theo maledon
2020,35,Xavier Tillman,xavier tillman
2020,36,Tyler Bey,tyler bey
2020,37,Vit Krejci,vit krejci
2020,38,Saben Lee,saben lee
2020,39,Elijah Hughes,elijah hughes
2020,40,Robert Woodard II,robert woodard ii
2020,41,Tre Jones,tre jones
2020,42,Nick Richards,nick richards
2020,43,Jahmi'us Ramsey,jahmi'us ramsey
2020,44,Marko Simonovic,marko simonovic
2020,45,Jordan Nwora,jordan nwora
2020,46,CJ Elleby,cj elleby
2020,47,Yam Madar,yam madar
2020,48,Nico Mannion,nico mannion
2020,49,Isaiah Joe,isaiah joe
2020,50,Skylar Mays,skylar mays
2020,51,Justinian Jessup,justinian jessup
2020,52,Kenyon Martin Jr.,kenyon martin jr.
2020,53,Cassius Winston,cassius winston
2020,54,Cassius Stanley,cassius stanley
2020,55,Jay Scrubb,jay scrubb
2020,56,Grant Riller,grant riller
2020,57,Reggie Perry,reggie perry
2020,58,Paul Reed,paul reed
2020,59,Jalen Harris,jalen harris
2020,60,Sam Merrill,sam merrill
2021,1,Cade Cunningham,cade cunningham
2021,2,Jalen Green,jalen green
2021,3,Evan Mobley,evan mobley
2021,4,Scottie Barnes,scottie barnes
2021,5,Jalen Suggs,jalen suggs
2021,6,Josh Giddey,josh giddey
2021,7,Jonathan Kuminga,jonathan kuminga
2021,8,Franz Wagner,franz wagner
2021,9,Davion Mitchell,davion mitchell
2021,10,Ziaire Williams,ziaire williams
2021,11,James Bouknight,james bouknight
2021,12,Joshua Primo,joshua primo
2021,13,Chris Duarte,chris duarte
2021,14,Moses Moody,moses moody
2021,15,Corey Kispert,corey kispert
2021,16,Alperen Sengun,alperen sengun
2021,17,Trey Murphy III,trey murphy iii
2021,18,Tre Mann,tre mann
2021,19,Kai Jones,kai jones
2021,20,Jalen Johnson,jalen johnson
2021,21,Keon Johnson,keon johnson
2021,22,Isaiah Jackson,isaiah jackson
2021,23,Usman Garuba,usman garuba
2021,24,Josh Christopher,josh christopher
2021,25,Quentin Grimes,quentin grimes
2021,26,Nah'Shon Hyland,nah'shon hyland
2021,27,Cameron Thomas,cameron thomas
2021,28,Jaden Springer,jaden springer
2021,29,Day'Ron Sharpe,day'ron sharpe
2021,30,Santi Aldama,santi aldama
2021,31,Isaiah Todd,isaiah todd
2021,32,Jeremiah Robinson-Earl,jeremiah robinson-earl
2021,33,Jason Preston,jason preston
2021,34,Rokas Jokubaitis,rokas jokubaitis
2021,35,Herbert Jones,herbert jones
2021,36,Miles McBride,miles mcbride
2021,37,JT Thor,jt thor
2021,38,Ayo Dosunmu,ayo dosunmu
2021,39,Neemias Queta,neemias queta
2021,40,Jared Butler,jared butler
2021,41,Joe Wieskamp,joe wieskamp
2021,42,Isaiah Livers,isaiah livers
2021,43,Greg Brown,greg brown
2021,44,Kessler Edwards,kessler edwards
2021,45,Juhann Begarin,juhann begarin
2021,46,Dalano Banton,dalano banton
2021,47,David Johnson,david johnson
2021,48,Sharife Cooper,sharife cooper
2021,49,Marcus Zegarowski,marcus zegarowski
2021,50,Filip Petrusev,filip petrusev
2021,51,BJ Boston,bj boston
2021,52,Luka Garza,luka garza
2021,53,Charles Bassey,charles bassey
2021,54,Sandro Mamukelashvili,sandro mamukelashvili
2021,55,Aaron Wiggins,aaron wiggins
2021,56,Scottie Lewis,scottie lewis
2021,57,Balsa Koprivica,balsa koprivica
2021,58,Jericho Sims,jericho sims
2021,59,RaiQuan Gray,raiquan gray
2021,60,Georgios Kalaitzakis,georgios kalaitzakis
2022,1,Paolo Banchero,paolo banchero
2022,2,Chet Holmgren,chet holmgren
2022,3,Jabari Smith,jabari smith
2022,4,Keegan Murray,keegan murray
2022,5,Jaden Ivey,jaden ivey
2022,6,Bennedict Mathurin,bennedict mathurin
2022,7,Shaedon Sharpe,shaedon sharpe
2022,8,Dyson Daniels,dyson daniels
2022,9,Jeremy Sochan,jeremy sochan
2022,10,Johnny Davis,johnny davis
2022,11,Ousmane Dieng,ousmane dieng
2022,12,Jalen Williams,jalen williams
2022,13,Jalen Duren,jalen duren
2022,14,Ochai Agbaji,ochai agbaji
2022,15,Mark Williams,mark williams
2022,16,AJ Griffin,aj griffin
2022,17,Tari Eason,tari eason
2022,18,Dalen Terry,dalen terry
2022,19,Jake LaRavia,jake laravia
2022,20,Malaki Branham,malaki branham
2022,21,Christian Braun,christian braun
2022,22,Walker Kessler,walker kessler
2022,23,David Roddy,david roddy
2022,24,MarJon Beauchamp,marjon beauchamp
2022,25,Blake Wesley,blake wesley
2022,26,Wendell Moore,wendell moore
2022,27,Nikola Jovic,nikola jovic
2022,28,Patrick Baldwin Jr.,patrick baldwin jr.
2022,29,TyTy Washington,tyty washington
2022,30,Peyton Watson,peyton watson
2022,31,Andrew Nembhard,andrew nembhard
2022,32,Caleb Houstan,caleb houstan
2022,33,Christian Koloko,christian koloko
2022,34,Jaylin Williams,jaylin williams
2022,35,Max Christie,max christie
2022,36,Gabriele Procida,gabriele procida
2022,37,Jaden Hardy,jaden hardy
2022,38,Kennedy Chandler,kennedy chandler
2022,39,Khalifa Diop,khalifa diop
2022,40,Bryce McGowens,bryce mcgowens
2022,41,E.J. Liddell,e.j. liddell
2022,42,Trevor Keels,trevor keels
2022,43,Moussa Diabate,moussa diabate
2022,44,Ryan Rollins,ryan rollins
2022,45,Josh Minott,josh minott
2022,46,Ismael Kamagate,ismael kamagate
2022,47,Vince Williams Jr.,vince williams jr.
2022,48,Kendall Brown,kendall brown
2022,49,Isaiah Mobley,isaiah mobley
2022,50,Matteo Spagnolo,matteo spagnolo
2022,51,Tyrese Martin,tyrese martin
2022,52,Karlo Matkovic,karlo matkovic
2022,53,JD Davison,jd davison
2022,54,Yannick Nzosa,yannick nzosa
2022,55,Gui Santos,gui santos
2022,56,Luke Travers,luke travers
2022,57,Jabari Walker,jabari walker
2022,58,Hugo Besson,hugo besson
2023,1,Victor Wembanyama,victor wembanyama
2023,2,Brandon Miller,brandon miller
2023,3,Scoot Henderson,scoot henderson
2023,4,Amen Thompson,amen thompson
2023,5,Ausar Thompson,ausar thompson
2023,6,Anthony Black,anthony black
2023,7,Bilal Coulibaly,bilal coulibaly
2023,8,Jarace Walker,jarace walker
2023,9,Taylor Hendricks,taylor hendricks
2023,10,Cason Wallace,cason wallace
2023,11,Jett Howard,jett howard
2023,12,Dereck Lively II,dereck lively ii
2023,13,Gradey Dick,gradey dick
2023,14,Jordan Hawkins,jordan hawkins
2023,15,Kobe Bufkin,kobe bufkin
2023,16,Keyonte George,keyonte george
2023,17,Jalen Hood-Schifino,jalen hood-schifino
2023,18,Jaime Jaquez Jr.,jaime jaquez jr.
2023,19,Brandin Podziemski,brandin podziemski
2023,20,Cam Whitmore,cam whitmore
2023,21,Noah Clowney,noah clowney
2023,22,Dariq Whitehead,dariq whitehead
2023,23,Kris Murray,kris murray
2023,24,Olivier-Maxen. Prosper,olivier-maxen. prosper
2023,25,Marcus Sasser,marcus sasser
2023,26,Ben Sheppard,ben sheppard
2023,27,Nick Smith Jr.,nick smith jr.
2023,28,Brice Sensabaugh,brice sensabaugh
2023,29,Julian Strawther,julian strawther
2023,30,Kobe Brown,kobe brown
2023,31,James Nnaji,james nnaji
2023,32,Jalen Pickett,jalen pickett
2023,33,Leonard Miller,leonard miller
2023,34,Colby Jones,colby jones
2023,35,Julian Phillips,julian phillips
2023,36,Andre Jackson Jr.,andre jackson jr.
2023,37,Hunter Tyson,hunter tyson
2023,38,Jordan Walsh,jordan walsh
2023,39,Mouhamed Gueye,mouhamed gueye
2023,40,Maxwell Lewis,maxwell lewis
2023,41,Amari Bailey,amari bailey
2023,42,Tristan Vukcevic,tristan vukcevic
2023,43,Rayan Rupert,rayan rupert
2023,44,Sidy Cissoko,sidy cissoko
2023,45,GG Jackson,gg jackson
2023,46,Seth Lundy,seth lundy
2023,47,Mojave King,mojave king
2023,48,Jordan Miller,jordan miller
2023,49,Emoni Bates,emoni bates
2023,50,Keyontae Johnson,keyontae johnson
2023,51,Jalen Wilson,jalen wilson
2023,52,Toumani Camara,toumani camara
2023,53,Jaylen Clark,jaylen clark
2023,54,Jalen Slawson,jalen slawson
2023,55,Isaiah Wong,isaiah wong
2023,56,Tarik Biberovic,tarik biberovic
2023,57,Trayce Jackson-Davis,trayce jackson-davis
2023,58,Chris Livingston,chris livingston
2024,1,Zaccharie Risacher,zaccharie risacher
2024,2,Alexandre Sarr,alexandre sarr
2024,3,Reed Sheppard,reed sheppard
2024,4,Stephon Castle,stephon castle
2024,5,Ron Holland,ron holland
2024,6,Tidjane Salaun,tidjane salaun
2024,7,Donovan Clingan,donovan clingan
2024,8,Rob Dillingham,rob dillingham
2024,9,Zach Edey,zach edey
2024,10,Cody Williams,cody williams
2024,11,Matas Buzelis,matas buzelis
2024,12,Nikola Topic,nikola topic
2024,13,Devin Carter,devin carter
2024,14,Carlton Carrington,carlton carrington
2024,15,Kel'el Ware,kel'el ware
2024,16,Jared McCain,jared mccain
2024,17,Dalton Knecht,dalton knecht
2024,18,Tristan da Silva,tristan da silva
2024,19,Ja'Kobe Walter,ja'kobe walter
2024,20,Jaylon Tyson,jaylon tyson
2024,21,Yves Missi,yves missi
2024,22,DaRon Holmes II,daron holmes ii
2024,23,AJ Johnson,aj johnson
2024,24,Kyshawn George,kyshawn george
2024,25,Pacome Dadiet,pacome dadiet
2024,26,Dillon Jones,dillon jones
2024,27,Terrence Shannon Jr.,terrence shannon jr.
2024,28,Ryan Dunn,ryan dunn
2024,29,Isaiah Collier,isaiah collier
2024,30,Baylor Scheierman,baylor scheierman
2024,31,Jonathan Mogbo,jonathan mogbo
2024,32,Kyle Filipowski,kyle filipowski
2024,33,Tyler Smith,tyler smith
2024,34,Tyler Kolek,tyler kolek
2024,35,Johnny Furphy,johnny furphy
2024,36,Juan Nunez,juan nunez
2024,37,Bobi Klintman,bobi klintman
2024,38,Ajay Mitchell,ajay mitchell
2024,39,Jaylen Wells,jaylen wells
2024,40,Oso Ighodaro,oso ighodaro
2024,41,Adem Bona,adem bona
2024,42,KJ Simpson,kj simpson
2024,43,Nikola Djurisic,nikola djurisic
2024,44,Pelle Larsson,pelle larsson
2024,45,Jamal Shead,jamal shead
2024,46,Cam Christie,cam christie
2024,47,Antonio Reeves,antonio reeves
2024,48,Harrison Ingram,harrison ingram
2024,49,Tristen Newton,tristen newton
2024,50,Enrique Freeman,enrique freeman
2024,51,Melvin Ajinca,melvin ajinca
2024,52,Quinten Post,quinten post
2024,53,Cam Spencer,cam spencer
2024,54,Anton Watson,anton watson
2024,55,Bronny James,bronny james
2024,56,Kevin McCullar,kevin mccullar
2024,57,Ulrich Chomche,ulrich chomche
2024,58,Ariel Hukporti,ariel hukporti
2025,1,Cooper Flagg,cooper flagg
2025,2,Dylan Harper,dylan harper
2025,3,V.J. Edgecombe,v.j. edgecombe
2025,4,Kon Knueppel,kon knueppel
2025,5,Ace Bailey,ace bailey
2025,6,Tre Johnson,tre johnson
2025,7,Jeremiah Fears,jeremiah fears
2025,8,Egor Demin,egor demin
2025,9,Collin Murray-Boyles,collin murray-boyles
2025,10,Khaman Maluach,khaman maluach
2025,11,Cedric Coward,cedric coward
2025,12,Noa Essengue,noa essengue
2025,13,Derik Queen,derik queen
2025,14,Carter Bryant,carter bryant
2025,15,Thomas Sorber,thomas sorber
2025,16,Hansen Yang,hansen yang
2025,17,Joan Beringer,joan beringer
2025,18,Walter Clayton Jr.,walter clayton jr.
2025,19,Nolan Traore,nolan traore
2025,20,Kasparas Jakucionis,kasparas jakucionis
2025,21,Will Riley,will riley
2025,22,Drake Powell,drake powell
2025,23,Asa Newell,asa newell
2025,24,Nique Clifford,nique clifford
2025,25,Jase Richardson,jase richardson
2025,26,Ben Saraf,ben saraf
2025,27,Danny Wolf,danny wolf
2025,28,Hugo Gonzalez,hugo gonzalez
2025,29,Liam McNeeley,liam mcneeley
2025,30,Ya. Konan Niederhauser,ya. konan niederhauser
2025,31,Rasheer Fleming,rasheer fleming
2025,32,Noah Penda,noah penda
2025,33,Sion James,sion james
2025,34,Ryan Kalkbrenner,ryan kalkbrenner
2025,35,Johni Broome,johni broome
2025,36,Adou Thiero,adou thiero
2025,37,Chaz Lanier,chaz lanier
2025,38,Kam Jones,kam jones
2025,39,Alijah Martin,alijah martin
2025,40,Micah Peavy,micah peavy
2025,41,Koby Brea,koby brea
2025,42,Maxime Raynaud,maxime raynaud
2025,43,Jamir Watkins,jamir watkins
2025,44,Brooks Barnhizer,brooks barnhizer
2025,45,Rocco Zikarsky,rocco zikarsky
2025,46,Amari Williams,amari williams
2025,47,Bogoljub Markovic,bogoljub markovic
2025,48,Javon Small,javon small
2025,49,Tyrese Proctor,tyrese proctor
2025,50,Kobe Sanders,kobe sanders
2025,51,Mohamed Diawara,mohamed diawara
2025,52,Alex Toohey,alex toohey
2025,53,John Tonje,john tonje
2025,54,Taelon Peter,taelon peter
2025,55,Lachlan Olbrich,lachlan olbrich
2025,56,Will Richard,will richard
2025,57,Max Shulga,max shulga
2025,58,Saliou Niang,saliou niang
2025,59,Jahmai Mashack,jahmai mashack
